"","Harvest","Species","CI_10","CI_20","CI_50","CI_80","CI_90","trait"
"1","h1","ACMI",-1.12533900639378,-0.729501163984669,-0.121498959629723,0.50121959384637,0.87384685127295,"rel_SLA2"
"2","h1","ARTR",-0.638613386853577,-0.342382683456733,0.125409365857316,0.640763530088269,0.954455682758932,"rel_SLA2"
"3","h1","ELTR",-1.04366895072181,-0.717491580944479,-0.195811685114013,0.342923570891174,0.657520141219663,"rel_SLA2"
"4","h1","HEAN",0.43571967201566,0.825896851996295,1.48162289575759,2.10770675932692,2.49110888061719,"rel_SLA2"
"5","h1","HECO",-1.01281050344456,-0.72747561811598,-0.239505116975537,0.244683622713706,0.57054970541026,"rel_SLA2"
"6","h1","HEVI",-0.447450661215603,-0.0810438808422179,0.671235608464129,1.39087899599895,1.76221247334508,"rel_SLA2"
"7","h1","MACA",1.32492922091256,1.67231491752146,2.22257557590915,2.72939405378176,3.01813234323762,"rel_SLA2"
"8","h1","MUPO",-0.748737845375678,-0.399835863611162,0.181446563344467,0.723961201378307,1.05643977321916,"rel_SLA2"
"9","h1","PAMU",-1.31940760043692,-0.896224708228536,-0.21815456113227,0.51341185370396,0.963599594711805,"rel_SLA2"
"10","h1","PLPA",-0.987327704468243,-0.680552265290464,-0.2189466214405,0.233662601892955,0.512588821738522,"rel_SLA2"
"11","h1","VUOC",-0.799820261578343,-0.522572382247115,-0.0230065542390952,0.454333773719807,0.767109148630192,"rel_SLA2"
"12","h2","ACMI",-0.689332178806255,-0.43126997106453,0.0931847950958433,0.600043166602237,0.865883715247872,"rel_SLA2"
"13","h2","ARTR",NA,NA,NA,NA,NA,"rel_SLA2"
"14","h2","ELTR",NA,NA,NA,NA,NA,"rel_SLA2"
"15","h2","HEAN",NA,NA,NA,NA,NA,"rel_SLA2"
"16","h2","HECO",NA,NA,NA,NA,NA,"rel_SLA2"
"17","h2","HEVI",NA,NA,NA,NA,NA,"rel_SLA2"
"18","h2","MACA",NA,NA,NA,NA,NA,"rel_SLA2"
"19","h2","MUPO",NA,NA,NA,NA,NA,"rel_SLA2"
"20","h2","PAMU",NA,NA,NA,NA,NA,"rel_SLA2"
"21","h2","PLPA",NA,NA,NA,NA,NA,"rel_SLA2"
"22","h2","VUOC",NA,NA,NA,NA,NA,"rel_SLA2"
"23","h3","ACMI",-1.18260207326642,-0.893336522163326,-0.409951672069736,0.101791950411228,0.355724595684109,"rel_SLA2"
"24","h3","ARTR",-1.29902944775729,-0.947152434249355,-0.295499916358425,0.341772972815011,0.683853570188732,"rel_SLA2"
"25","h3","ELTR",-1.29230875653924,-0.952334093581048,-0.273194626094135,0.459286942706199,0.822706610127815,"rel_SLA2"
"26","h3","HEAN",-1.54615230375196,-1.12492703375821,-0.352223750233168,0.412979925192297,0.833956246584162,"rel_SLA2"
"27","h3","HECO",-1.28280246345612,-0.949864334480757,-0.258509084249593,0.399746459739459,0.734451787817387,"rel_SLA2"
"28","h3","HEVI",-1.27645266790856,-0.923304478433168,-0.21126315470872,0.52662137796953,0.902369741525558,"rel_SLA2"
"29","h3","MACA",-1.44152687888458,-1.07299521392891,-0.373763980329691,0.265263275844378,0.603069020823381,"rel_SLA2"
"30","h3","MUPO",-1.42851401716789,-1.03583798910707,-0.320012580413764,0.435217165310049,0.829289292051135,"rel_SLA2"
"31","h3","PAMU",-0.394372716752546,0.00593172620717455,0.681069878506087,1.36272567722168,1.70613252937666,"rel_SLA2"
"32","h3","PLPA",-1.47702843476452,-1.14702681361342,-0.489786762910543,0.135227067179948,0.45539039641848,"rel_SLA2"
"33","h3","VUOC",-1.54964769458199,-1.20826059840339,-0.528122751693528,0.134939185042978,0.484966519371295,"rel_SLA2"
"34","h4","ACMI",NA,NA,NA,NA,NA,"rel_SLA2"
"35","h4","ARTR",-0.757004076844927,-0.401052525489503,0.224386125639162,0.874635604536591,1.19714241978597,"rel_SLA2"
"36","h4","ELTR",-0.741369239911752,-0.370619008128224,0.32503821674323,1.03968340445996,1.40060047399507,"rel_SLA2"
"37","h4","HEAN",-1.18488243546115,-0.802416899506599,-0.0155187712596603,0.755771118717204,1.20148375804647,"rel_SLA2"
"38","h4","HECO",-0.791262069222913,-0.43297397296226,0.239609391314033,0.893169832393818,1.24560756602239,"rel_SLA2"
"39","h4","HEVI",NA,NA,NA,NA,NA,"rel_SLA2"
"40","h4","MACA",-1.05668175625044,-0.70162354622966,-0.042001596125389,0.606106824123577,0.963203415110045,"rel_SLA2"
"41","h4","MUPO",0.599030325000289,0.990943322481207,1.7462000047532,2.47797340919868,2.8640798843913,"rel_SLA2"
"42","h4","PAMU",NA,NA,NA,NA,NA,"rel_SLA2"
"43","h4","PLPA",1.7121336869499,2.04234606015319,2.69078562855582,3.3379013792141,3.67858846288781,"rel_SLA2"
"44","h4","VUOC",-0.753020155457885,-0.366806657806464,0.277079189353374,0.946618031209745,1.30134328446305,"rel_SLA2"
"45","h1","ACMI",-0.665738709438657,-0.0545537053914968,0.866374720164972,1.81975421251069,2.38332289007001,"rel_LDMC2"
"46","h1","ARTR",2.09957815733895,2.74589956797115,3.75388805877053,4.66088973040918,5.17797059069323,"rel_LDMC2"
"47","h1","ELTR",-0.967736768464336,-0.378525898731304,0.615186084331731,1.5431333214038,2.11180329550396,"rel_LDMC2"
"48","h1","HEAN",-1.72063502661463,-1.19801559969784,-0.271327584660503,0.668794275127296,1.23714107329202,"rel_LDMC2"
"49","h1","HECO",-1.17995724275778,-0.609589844935472,0.261278276529434,1.18577815399934,1.75027566351307,"rel_LDMC2"
"50","h1","HEVI",-0.205095423462082,0.507959437898664,1.94318698480561,3.29658679799899,4.03218358778166,"rel_LDMC2"
"51","h1","MACA",-1.2978542429431,-0.771916626218853,0.117037354932412,0.97882676517889,1.46777459147335,"rel_LDMC2"
"52","h1","MUPO",-1.83886219659753,-1.2056900262805,-0.156830209614049,0.876087293293995,1.44836837570144,"rel_LDMC2"
"53","h1","PAMU",-2.14861162029699,-1.36280565623807,0.130593423066365,1.59838792685098,2.32620939710591,"rel_LDMC2"
"54","h1","PLPA",-1.0505608824548,-0.509794733526611,0.363180788080784,1.23527397497986,1.77969249231697,"rel_LDMC2"
"55","h1","VUOC",-1.58689961670706,-1.02158006388273,-0.125616470699601,0.79232371690042,1.32076572239962,"rel_LDMC2"
"56","h2","ACMI",-1.20173120501969,-0.763640085259171,0.0388401204104425,0.873891019200562,1.33276067807638,"rel_LDMC2"
"57","h2","ARTR",NA,NA,NA,NA,NA,"rel_LDMC2"
"58","h2","ELTR",NA,NA,NA,NA,NA,"rel_LDMC2"
"59","h2","HEAN",NA,NA,NA,NA,NA,"rel_LDMC2"
"60","h2","HECO",NA,NA,NA,NA,NA,"rel_LDMC2"
"61","h2","HEVI",NA,NA,NA,NA,NA,"rel_LDMC2"
"62","h2","MACA",NA,NA,NA,NA,NA,"rel_LDMC2"
"63","h2","MUPO",NA,NA,NA,NA,NA,"rel_LDMC2"
"64","h2","PAMU",NA,NA,NA,NA,NA,"rel_LDMC2"
"65","h2","PLPA",NA,NA,NA,NA,NA,"rel_LDMC2"
"66","h2","VUOC",NA,NA,NA,NA,NA,"rel_LDMC2"
"67","h3","ACMI",-1.12680348032142,-0.683554644122723,0.164225816812291,0.970997981262862,1.37623371185715,"rel_LDMC2"
"68","h3","ARTR",-1.12246313161444,-0.448566521679021,0.655994326440131,1.82219112537422,2.43533469107464,"rel_LDMC2"
"69","h3","ELTR",-1.09304118223987,-0.471522897461551,0.79403599548257,2.09461714632491,2.69611967881246,"rel_LDMC2"
"70","h3","HEAN",-1.02638601470823,-0.378044049312907,0.904240844445927,2.16665922283909,2.77522051813441,"rel_LDMC2"
"71","h3","HECO",-0.913239391843374,-0.28103711262349,0.870509923046888,2.03221591865685,2.63234814512255,"rel_LDMC2"
"72","h3","HEVI",-1.02816579352834,-0.216386848731857,1.32331741637821,2.8980997296523,3.67376919980561,"rel_LDMC2"
"73","h3","MACA",-0.973018521592109,-0.344941746561195,0.770507808495935,1.96148355445018,2.5313500425396,"rel_LDMC2"
"74","h3","MUPO",-0.964559707980099,-0.292947371741963,1.0661061795433,2.38462454430678,3.07146598736932,"rel_LDMC2"
"75","h3","PAMU",-1.97719233080175,-1.14697795304076,0.443555999680096,1.9605310762575,2.76844626047863,"rel_LDMC2"
"76","h3","PLPA",-0.668675219066681,-0.057129502539272,1.08504522108508,2.2035654267772,2.82114588234229,"rel_LDMC2"
"77","h3","VUOC",-0.870876093597082,-0.228513151765581,1.02419033351585,2.21848315371957,2.82277374165245,"rel_LDMC2"
"78","h4","ACMI",NA,NA,NA,NA,NA,"rel_LDMC2"
"79","h4","ARTR",-0.938863834848074,-0.304895235825965,0.856676683277501,2.06530945109172,2.67257475670643,"rel_LDMC2"
"80","h4","ELTR",-1.00670241028259,-0.355520688464545,0.86493539961434,2.12873044055922,2.76802867931939,"rel_LDMC2"
"81","h4","HEAN",-0.957783630128003,-0.254051542117087,1.03493835618841,2.36635027267573,3.04863341715839,"rel_LDMC2"
"82","h4","HECO",-0.870359653321862,-0.198706428563488,0.928049524462923,2.07806841078621,2.7044153216242,"rel_LDMC2"
"83","h4","HEVI",-2.02811014410062,-1.28237186696663,0.334176506583606,1.85384727110919,2.67923155873874,"rel_LDMC2"
"84","h4","MACA",-0.679441996751739,-0.0924701600510928,1.0219145996361,2.16423514838307,2.81626082162662,"rel_LDMC2"
"85","h4","MUPO",-1.24953350961436,-0.530398575471235,0.789796880234492,2.1388507822552,2.83479352919928,"rel_LDMC2"
"86","h4","PAMU",-1.38407017266674,-0.580662096545252,0.995437593922016,2.59028105091708,3.37020496694681,"rel_LDMC2"
"87","h4","PLPA",-0.719183938277525,-0.113875288455228,1.00597742724048,2.13023622992527,2.68042354578595,"rel_LDMC2"
"88","h4","VUOC",-0.782632855306502,-0.161172570199003,1.00642074757143,2.23832997915799,2.87051288958622,"rel_LDMC2"
"89","h1","ACMI",-0.300520695500031,-0.131811438110135,0.167441020166797,0.446870830182691,0.626469208628022,"rel_RMR2"
"90","h1","ARTR",-0.473349719156917,-0.308326390092799,-0.0313244987095573,0.238995858714949,0.397960208156974,"rel_RMR2"
"91","h1","ELTR",-0.371938051601414,-0.189532077754452,0.116696959486813,0.423972670446531,0.593122918434775,"rel_RMR2"
"92","h1","HEAN",-0.203948135665303,-0.00759767671265083,0.299341292308822,0.600801332721499,0.796998927588263,"rel_RMR2"
"93","h1","HECO",-0.434514732001511,-0.272931940844762,0.0137743030325963,0.304768574595481,0.478222880406597,"rel_RMR2"
"94","h1","HEVI",-0.0595693119724764,0.122122237909401,0.42978098913241,0.738513831850641,0.912496555855343,"rel_RMR2"
"95","h1","MACA",-0.268528925514347,-0.0997803665672506,0.165631834243654,0.458194340857313,0.631063038876901,"rel_RMR2"
"96","h1","MUPO",-0.600364595862446,-0.412760026703161,-0.0703138437452465,0.257941818355934,0.450674146167852,"rel_RMR2"
"97","h1","PAMU",0.0909192203867308,0.268229500811585,0.561875422860132,0.85205086901514,1.01970750678402,"rel_RMR2"
"98","h1","PLPA",-1.01015715231275,-0.860110903556213,-0.577548557024646,-0.297099380166842,-0.126637096390778,"rel_RMR2"
"99","h1","VUOC",-0.825472589301644,-0.649560743368003,-0.360703620532607,-0.0674295140004659,0.117498595490526,"rel_RMR2"
"100","h2","ACMI",0.15093145835233,0.293857295660829,0.577870858586222,0.852944724690195,0.996684371238698,"rel_RMR2"
"101","h2","ARTR",NA,NA,NA,NA,NA,"rel_RMR2"
"102","h2","ELTR",NA,NA,NA,NA,NA,"rel_RMR2"
"103","h2","HEAN",NA,NA,NA,NA,NA,"rel_RMR2"
"104","h2","HECO",NA,NA,NA,NA,NA,"rel_RMR2"
"105","h2","HEVI",NA,NA,NA,NA,NA,"rel_RMR2"
"106","h2","MACA",NA,NA,NA,NA,NA,"rel_RMR2"
"107","h2","MUPO",NA,NA,NA,NA,NA,"rel_RMR2"
"108","h2","PAMU",NA,NA,NA,NA,NA,"rel_RMR2"
"109","h2","PLPA",NA,NA,NA,NA,NA,"rel_RMR2"
"110","h2","VUOC",NA,NA,NA,NA,NA,"rel_RMR2"
"111","h3","ACMI",-0.495016857809241,-0.366027467557503,-0.0922527781112673,0.171771851335982,0.304755464980247,"rel_RMR2"
"112","h3","ARTR",-0.759547391680347,-0.579669512857913,-0.188402042937807,0.191740285604978,0.388367451860274,"rel_RMR2"
"113","h3","ELTR",-1.46747229355429,-1.24801621995756,-0.826161179573011,-0.409676495211889,-0.208196081161406,"rel_RMR2"
"114","h3","HEAN",-1.37527434184048,-1.15227432123992,-0.737976594778857,-0.329296295572,-0.121456132791525,"rel_RMR2"
"115","h3","HECO",-1.10561001168369,-0.919613642598793,-0.535129242142959,-0.138130174989158,0.0662654991176206,"rel_RMR2"
"116","h3","HEVI",-1.27334528346727,-1.06424143762871,-0.648900676521941,-0.240530169504179,-0.0107136813782737,"rel_RMR2"
"117","h3","MACA",-0.683408753797024,-0.485201415547155,-0.106687581098814,0.270358922806136,0.486007105169204,"rel_RMR2"
"118","h3","MUPO",-0.740441657135026,-0.503302393900083,-0.0504472072244579,0.364771492420427,0.612020575809348,"rel_RMR2"
"119","h3","PAMU",-1.07458132640077,-0.871219297518194,-0.460145642157187,-0.0795427193470738,0.134135108805382,"rel_RMR2"
"120","h3","PLPA",-0.73478890318526,-0.549588340058074,-0.190565377925892,0.175387067660062,0.387095097196873,"rel_RMR2"
"121","h3","VUOC",-1.18797476052393,-0.982706250127203,-0.582433112344148,-0.189714586395583,0.00319302260322313,"rel_RMR2"
"122","h4","ACMI",NA,NA,NA,NA,NA,"rel_RMR2"
"123","h4","ARTR",-0.409193276657694,-0.178016842570751,0.182625750436401,0.545252619246814,0.72871488218549,"rel_RMR2"
"124","h4","ELTR",-0.429996663285677,-0.214516799785502,0.197744419253973,0.605207622097706,0.816753536007986,"rel_RMR2"
"125","h4","HEAN",-0.470340143309782,-0.233686100726734,0.224269633472162,0.710005176487938,0.951781447842571,"rel_RMR2"
"126","h4","HECO",-0.376274675875769,-0.164401445839239,0.221645152311227,0.608124921409745,0.807701792727652,"rel_RMR2"
"127","h4","HEVI",-0.714730648473884,-0.516087950863698,-0.115512712161174,0.298537303615736,0.508952349257943,"rel_RMR2"
"128","h4","MACA",-0.320454359603703,-0.124762978665569,0.234502857141977,0.596907694513354,0.780011880303866,"rel_RMR2"
"129","h4","MUPO",-0.530716654047313,-0.30321856043562,0.130557177130196,0.564055059894827,0.79587088289196,"rel_RMR2"
"130","h4","PAMU",0.196314083606357,0.413503975681468,0.792299060894723,1.17484346906876,1.37665398040016,"rel_RMR2"
"131","h4","PLPA",-0.213368179770483,-0.00793930222203809,0.352843290994704,0.705479885757199,0.891642361984156,"rel_RMR2"
"132","h4","VUOC",-0.454520490290386,-0.247000275185839,0.130471652468861,0.514316252471804,0.712798313030859,"rel_RMR2"
"133","h1","ACMI",-0.631938171011865,-0.464013582658556,-0.207132066621193,0.059517011832641,0.224836768353791,"rel_RDMC2"
"134","h1","ARTR",-0.434154550688121,-0.296632132539979,-0.0477765344802876,0.1876374195898,0.342963136399352,"rel_RDMC2"
"135","h1","ELTR",-0.41903319579343,-0.254749456534866,0.011227210690625,0.289447001130857,0.437022879902209,"rel_RDMC2"
"136","h1","HEAN",-0.477774722627758,-0.329327676849293,-0.0559700468000294,0.221722848025163,0.366657769852433,"rel_RDMC2"
"137","h1","HECO",-0.539621809145636,-0.372741403228734,-0.121565028283623,0.141907831218814,0.293490105756098,"rel_RDMC2"
"138","h1","HEVI",0.511577945493545,0.683215685772544,0.97022238298483,1.2422341597474,1.38712390087886,"rel_RDMC2"
"139","h1","MACA",-0.754883090665084,-0.616799615518495,-0.372091084113818,-0.11240110594378,0.0334937747546629,"rel_RDMC2"
"140","h1","MUPO",-0.898758755684831,-0.721995838819255,-0.43020963580931,-0.132802929496622,0.025831598420171,"rel_RDMC2"
"141","h1","PAMU",-0.314416631179809,-0.145608094205229,0.11446017110369,0.372509118486976,0.535003440453232,"rel_RDMC2"
"142","h1","PLPA",-0.467832448586273,-0.308681512381204,-0.0444377668789168,0.206434173917013,0.361216061802852,"rel_RDMC2"
"143","h1","VUOC",-0.566093654965944,-0.414946502454352,-0.14869665675346,0.118831353418685,0.282578133200363,"rel_RDMC2"
"144","h2","ACMI",-0.444179842189214,-0.321190105715511,-0.0776399086972451,0.151241048120285,0.275355594812938,"rel_RDMC2"
"145","h2","ARTR",NA,NA,NA,NA,NA,"rel_RDMC2"
"146","h2","ELTR",NA,NA,NA,NA,NA,"rel_RDMC2"
"147","h2","HEAN",NA,NA,NA,NA,NA,"rel_RDMC2"
"148","h2","HECO",NA,NA,NA,NA,NA,"rel_RDMC2"
"149","h2","HEVI",NA,NA,NA,NA,NA,"rel_RDMC2"
"150","h2","MACA",NA,NA,NA,NA,NA,"rel_RDMC2"
"151","h2","MUPO",NA,NA,NA,NA,NA,"rel_RDMC2"
"152","h2","PAMU",NA,NA,NA,NA,NA,"rel_RDMC2"
"153","h2","PLPA",NA,NA,NA,NA,NA,"rel_RDMC2"
"154","h2","VUOC",NA,NA,NA,NA,NA,"rel_RDMC2"
"155","h3","ACMI",-0.395939503800649,-0.270653325658327,-0.0354337619204944,0.202841395691812,0.341608547736901,"rel_RDMC2"
"156","h3","ARTR",-0.611598529726716,-0.445725806758921,-0.120774004685001,0.20007393453014,0.372396744240369,"rel_RDMC2"
"157","h3","ELTR",-0.72129237959843,-0.547758155863865,-0.178708179649387,0.172650930955459,0.361154506149268,"rel_RDMC2"
"158","h3","HEAN",-0.65730699715528,-0.473473687911889,-0.115729515603899,0.241700327246436,0.426717060768509,"rel_RDMC2"
"159","h3","HECO",-0.593380380329922,-0.415698924299009,-0.0778215998462207,0.253683033761604,0.432730547454757,"rel_RDMC2"
"160","h3","HEVI",-0.862646042324821,-0.670935698558511,-0.296093415909956,0.0678918167420171,0.236568383971571,"rel_RDMC2"
"161","h3","MACA",-0.205962120916671,-0.0185357646964884,0.299832804457077,0.618392244802668,0.797197771286686,"rel_RDMC2"
"162","h3","MUPO",-0.487784521622834,-0.291979321633974,0.106616597268346,0.491734892883588,0.696849570103758,"rel_RDMC2"
"163","h3","PAMU",-0.653554010065355,-0.473776453103383,-0.129032507718947,0.215621537741364,0.390119554984007,"rel_RDMC2"
"164","h3","PLPA",-0.540021782111015,-0.380336353123155,-0.0520415842110441,0.281249718380038,0.445908002404415,"rel_RDMC2"
"165","h3","VUOC",-0.450846335782138,-0.266445336442469,0.0794081150166876,0.419715106623625,0.600297427239518,"rel_RDMC2"
"166","h4","ACMI",NA,NA,NA,NA,NA,"rel_RDMC2"
"167","h4","ARTR",-0.222715666660901,-0.0553404367391682,0.262240296209005,0.607442483164217,0.790957195083369,"rel_RDMC2"
"168","h4","ELTR",-0.764619255726184,-0.576498995927335,-0.212443462703431,0.133722536568093,0.326244335399788,"rel_RDMC2"
"169","h4","HEAN",-0.610801947701905,-0.372911865770638,0.0246274385556194,0.428530531663313,0.646226750619805,"rel_RDMC2"
"170","h4","HECO",-0.583347439604466,-0.411676553865772,-0.0776924479992197,0.270553218636786,0.44550469842105,"rel_RDMC2"
"171","h4","HEVI",-0.840336986122502,-0.653152062517758,-0.275441028627679,0.0968142789834826,0.284011928702234,"rel_RDMC2"
"172","h4","MACA",-0.739577708381901,-0.556694207358955,-0.209503124621844,0.121526577012602,0.295922120322232,"rel_RDMC2"
"173","h4","MUPO",-0.482202827963534,-0.265660972397749,0.128283408461671,0.518555986084514,0.724995007671639,"rel_RDMC2"
"174","h4","PAMU",-0.707752818247959,-0.510119561329921,-0.165683136055991,0.189669863429788,0.36877950460646,"rel_RDMC2"
"175","h4","PLPA",-0.592043197002576,-0.422112590111467,-0.0938969849616838,0.239459110454248,0.422859298514853,"rel_RDMC2"
"176","h4","VUOC",-0.400326393913526,-0.226913582568104,0.11503234702459,0.47260072510786,0.670912931268344,"rel_RDMC2"
"177","h1","ACMI",-0.545333898198402,-0.365912317606397,-0.0669198181505891,0.225590686271566,0.399073865494806,"rel_RTD2"
"178","h1","ARTR",-0.291383257690737,-0.124211112825206,0.131190080349238,0.396372078666382,0.569727646267129,"rel_RTD2"
"179","h1","ELTR",-0.453303615203,-0.264522020238663,0.0386138310880239,0.325437944542201,0.49800479740614,"rel_RTD2"
"180","h1","HEAN",-0.573918400713469,-0.388029768593816,-0.0983188158615163,0.199951198059041,0.370636537210683,"rel_RTD2"
"181","h1","HECO",-0.538804262579384,-0.371527266246198,-0.079910248078888,0.194323905835902,0.36640129626763,"rel_RTD2"
"182","h1","HEVI",0.424214971860784,0.616574519252566,0.928380337585423,1.23111029788183,1.37829006614946,"rel_RTD2"
"183","h1","MACA",-0.477016394062769,-0.315791910609331,-0.0519483191012903,0.218377441911282,0.388444100019004,"rel_RTD2"
"184","h1","MUPO",-0.913782157320721,-0.734677069731107,-0.421917786909858,-0.103220818000718,0.0793351080301724,"rel_RTD2"
"185","h1","PAMU",-0.37162725827315,-0.200608518719285,0.0699753281608751,0.351523981817194,0.519484246091147,"rel_RTD2"
"186","h1","PLPA",-0.608667681167534,-0.443478042265356,-0.179779989963925,0.0848040837760882,0.263070104693828,"rel_RTD2"
"187","h1","VUOC",-0.580392282275436,-0.408024203684499,-0.136184075598585,0.128529938911679,0.314714880698,"rel_RTD2"
"188","h2","ACMI",-0.303240553793014,-0.159107030469551,0.105328094679935,0.370952542558401,0.505544560028281,"rel_RTD2"
"189","h2","ARTR",NA,NA,NA,NA,NA,"rel_RTD2"
"190","h2","ELTR",NA,NA,NA,NA,NA,"rel_RTD2"
"191","h2","HEAN",NA,NA,NA,NA,NA,"rel_RTD2"
"192","h2","HECO",NA,NA,NA,NA,NA,"rel_RTD2"
"193","h2","HEVI",NA,NA,NA,NA,NA,"rel_RTD2"
"194","h2","MACA",NA,NA,NA,NA,NA,"rel_RTD2"
"195","h2","MUPO",NA,NA,NA,NA,NA,"rel_RTD2"
"196","h2","PAMU",NA,NA,NA,NA,NA,"rel_RTD2"
"197","h2","PLPA",NA,NA,NA,NA,NA,"rel_RTD2"
"198","h2","VUOC",NA,NA,NA,NA,NA,"rel_RTD2"
"199","h3","ACMI",-0.0823488979649179,0.0583377109533859,0.320168892010523,0.57664668029278,0.718914635003921,"rel_RTD2"
"200","h3","ARTR",-0.448225638069787,-0.276007486259526,0.0835971770338745,0.455589309736326,0.645136175180912,"rel_RTD2"
"201","h3","ELTR",-0.966452218393482,-0.745307601856554,-0.34219507654659,0.0471281481174452,0.269856370758643,"rel_RTD2"
"202","h3","HEAN",-0.620814467721551,-0.432045466253526,-0.0306543920586599,0.367075357086584,0.560782451769851,"rel_RTD2"
"203","h3","HECO",-0.477687631161577,-0.296966631493258,0.0676638796329777,0.456465209678302,0.647902045069532,"rel_RTD2"
"204","h3","HEVI",-0.736568134597203,-0.531627270463116,-0.141986436257036,0.244031586484917,0.448078854336726,"rel_RTD2"
"205","h3","MACA",-0.408465212170966,-0.195982870549919,0.169825765561992,0.527292247038485,0.709312313839913,"rel_RTD2"
"206","h3","MUPO",0.146490009041721,0.363624454753852,0.80334242479961,1.21362627808743,1.43106166480107,"rel_RTD2"
"207","h3","PAMU",-0.443381397977745,-0.253154893308925,0.110132638971661,0.467289564324283,0.704258550880075,"rel_RTD2"
"208","h3","PLPA",-0.72199094568824,-0.546611950247701,-0.184305737623363,0.17943509914859,0.364693600696774,"rel_RTD2"
"209","h3","VUOC",-0.730058223783176,-0.536811873520636,-0.163240499890942,0.209728392873382,0.409347092811212,"rel_RTD2"
"210","h4","ACMI",NA,NA,NA,NA,NA,"rel_RTD2"
"211","h4","ARTR",-0.550899173240411,-0.375535176280837,-0.0148759187072038,0.332347151575551,0.511835988936295,"rel_RTD2"
"212","h4","ELTR",0.699319056661572,0.922126921762536,1.3244527426901,1.69512122178028,1.88910673306573,"rel_RTD2"
"213","h4","HEAN",-1.08756190938559,-0.859149830556394,-0.416142214082014,0.0141619902261155,0.250365620974284,"rel_RTD2"
"214","h4","HECO",-0.416984118456311,-0.209062614117638,0.145331495085029,0.515153990023209,0.710028091500088,"rel_RTD2"
"215","h4","HEVI",-1.04330577046455,-0.833117494598926,-0.442417670263879,-0.0679763455606996,0.138034057762776,"rel_RTD2"
"216","h4","MACA",-0.968576374705925,-0.776267290518398,-0.427831881772746,-0.0674804677656734,0.123863535955862,"rel_RTD2"
"217","h4","MUPO",-0.917647653284748,-0.712670972771939,-0.306124975610376,0.129343839399045,0.35100605426679,"rel_RTD2"
"218","h4","PAMU",-0.777950889163563,-0.580246238133142,-0.197475242819626,0.152809157868042,0.363436147928443,"rel_RTD2"
"219","h4","PLPA",0.152226122652688,0.325721904598652,0.686244086276985,1.03963006018066,1.22732155466908,"rel_RTD2"
"220","h4","VUOC",-1.14741525300619,-0.975319110434384,-0.59614426428952,-0.21829109871352,-0.0350572126963339,"rel_RTD2"
"221","h1","ACMI",0.409953049208289,0.667600311165238,1.09883142696901,1.49844343350882,1.72492029397246,"rel_SRL2"
"222","h1","ARTR",0.117755882577913,0.368276159066095,0.748664503926928,1.11514438887757,1.34411268359976,"rel_SRL2"
"223","h1","ELTR",-0.483415473282028,-0.222709524563105,0.21516627837453,0.640605655444123,0.885226779870318,"rel_SRL2"
"224","h1","HEAN",-0.149939389702154,0.0951508430476438,0.515043638373001,0.953900686884174,1.20007229502875,"rel_SRL2"
"225","h1","HECO",-0.0873844449090688,0.170331881730252,0.585528863160839,0.996463232362112,1.24743989827981,"rel_SRL2"
"226","h1","HEVI",-0.613265250944946,-0.395799847442343,0.038931966301121,0.462672429771141,0.725338799431638,"rel_SRL2"
"227","h1","MACA",0.0505429230724363,0.308349788355801,0.71307886097131,1.08706153586999,1.29773836014337,"rel_SRL2"
"228","h1","MUPO",0.779712009916398,1.08512695832076,1.58890647541235,2.07036656794248,2.30437218897421,"rel_SRL2"
"229","h1","PAMU",0.944972384980974,1.23478465611946,1.65563331494164,2.06143615061633,2.27118261456817,"rel_SRL2"
"230","h1","PLPA",-0.0524524668501801,0.198202044027609,0.594906881193487,0.976257733677035,1.20229217339973,"rel_SRL2"
"231","h1","VUOC",-0.651433454887284,-0.411857312944393,0.014361406359187,0.391841524074776,0.651841414425018,"rel_SRL2"
"232","h2","ACMI",-0.582904459259801,-0.396785776696684,-0.0248580821224482,0.339036554033905,0.529777466579984,"rel_SRL2"
"233","h2","ARTR",NA,NA,NA,NA,NA,"rel_SRL2"
"234","h2","ELTR",NA,NA,NA,NA,NA,"rel_SRL2"
"235","h2","HEAN",NA,NA,NA,NA,NA,"rel_SRL2"
"236","h2","HECO",NA,NA,NA,NA,NA,"rel_SRL2"
"237","h2","HEVI",NA,NA,NA,NA,NA,"rel_SRL2"
"238","h2","MACA",NA,NA,NA,NA,NA,"rel_SRL2"
"239","h2","MUPO",NA,NA,NA,NA,NA,"rel_SRL2"
"240","h2","PAMU",NA,NA,NA,NA,NA,"rel_SRL2"
"241","h2","PLPA",NA,NA,NA,NA,NA,"rel_SRL2"
"242","h2","VUOC",NA,NA,NA,NA,NA,"rel_SRL2"
"243","h3","ACMI",-1.09943598932354,-0.90999017621867,-0.538683294052115,-0.163871611835657,0.0294589662396263,"rel_SRL2"
"244","h3","ARTR",-0.232243159783675,0.0298173727898482,0.529996528311359,0.999056553394464,1.26108932248348,"rel_SRL2"
"245","h3","ELTR",0.114806369207324,0.400686282121628,0.959356084467008,1.52913475474077,1.79649267805126,"rel_SRL2"
"246","h3","HEAN",0.329885063555739,0.611225064221696,1.15584117702471,1.68606653231392,1.97544114639427,"rel_SRL2"
"247","h3","HECO",0.467222551293835,0.742088310185752,1.25140700987551,1.77002019572011,2.03620177945895,"rel_SRL2"
"248","h3","HEVI",0.419006026944382,0.679521067861056,1.24679986439805,1.78006489353593,2.05449246449046,"rel_SRL2"
"249","h3","MACA",-0.108796062868685,0.15742320284149,0.680650382766748,1.16696930517293,1.41362873801993,"rel_SRL2"
"250","h3","MUPO",-0.490622110196859,-0.174618324285906,0.425263838472931,0.977425618958132,1.31047368263025,"rel_SRL2"
"251","h3","PAMU",0.162522481291228,0.42895379261056,0.957471959997642,1.46879288730422,1.72204240959153,"rel_SRL2"
"252","h3","PLPA",0.362807126858176,0.636324279625944,1.13306645035747,1.61262747413871,1.88431520514726,"rel_SRL2"
"253","h3","VUOC",0.256287560559346,0.54146946803818,1.06147465737424,1.57586647187578,1.84864539775681,"rel_SRL2"
"254","h4","ACMI",NA,NA,NA,NA,NA,"rel_SRL2"
"255","h4","ARTR",0.534253865527564,0.817551844108759,1.33185728392531,1.80627091041169,2.04724287124075,"rel_SRL2"
"256","h4","ELTR",0.147796702746864,0.447292547913858,0.987910906738343,1.54880047240026,1.83256178797955,"rel_SRL2"
"257","h4","HEAN",0.356023883075533,0.691143945970949,1.32209307370085,1.96206379854097,2.25946493016085,"rel_SRL2"
"258","h4","HECO",0.545324848364509,0.826488271690005,1.34090073190822,1.85675299540114,2.12491096008943,"rel_SRL2"
"259","h4","HEVI",0.358932098288261,0.645743244246251,1.2148227485416,1.76252825330796,2.05024374195696,"rel_SRL2"
"260","h4","MACA",0.581171741345269,0.849122394609051,1.36875561448704,1.86706621469985,2.12901606684922,"rel_SRL2"
"261","h4","MUPO",0.145242899625751,0.434104526813988,1.02789688314023,1.61604040459014,1.93995367231685,"rel_SRL2"
"262","h4","PAMU",0.184660153681794,0.455934349205601,0.978101778344651,1.48941305756883,1.75139866657812,"rel_SRL2"
"263","h4","PLPA",0.793571171816314,1.06495572861894,1.57008990351006,2.05823042514889,2.32847186569067,"rel_SRL2"
"264","h4","VUOC",0.754213192427862,1.03675912248111,1.56099879677915,2.07725409867229,2.34598350500156,"rel_SRL2"
