"","Var2","Freq.A","Freq.B","dist","Trait","Species"
"ACMI LDMC.1","A",0.236274206349206,0.158473245578425,0.197090469845629,"LDMC","ACMI"
"ACMI LDMC.3","B",0.236274206349206,0.114990076931481,0.345278854670258,"LDMC","ACMI"
"ACMI LDMC.5","C",0.236274206349206,0.116289780187385,0.340319575293231,"LDMC","ACMI"
"ACMI LDMC.7","D",0.158473245578425,0.114990076931481,0.159009143339023,"LDMC","ACMI"
"ACMI LDMC.9","E",0.158473245578425,0.116289780187385,0.153526717335665,"LDMC","ACMI"
"ACMI LDMC.11","F",0.114990076931481,0.116289780187385,0.00561961284521038,"LDMC","ACMI"
"ACMI RDMC.1","A",0.243736622073579,0.0878001051944141,0.470344622643016,"RDMC","ACMI"
"ACMI RDMC.3","B",0.243736622073579,0.0798620370670149,0.506413053261031,"RDMC","ACMI"
"ACMI RDMC.5","C",0.243736622073579,0.0769597838605661,0.520045859969071,"RDMC","ACMI"
"ACMI RDMC.7","D",0.0878001051944141,0.0798620370670149,0.047345620307187,"RDMC","ACMI"
"ACMI RDMC.9","E",0.0878001051944141,0.0769597838605661,0.065794662742402,"RDMC","ACMI"
"ACMI RDMC.11","F",0.0798620370670149,0.0769597838605661,0.0185066924314636,"RDMC","ACMI"
"ACMI RER_ln.7","D",0.0842664627012528,0.0588052936053568,0.177960834151861,"RER_ln","ACMI"
"ACMI RER_ln.9","E",0.0842664627012528,0.0980537733996155,0.0756213955906404,"RER_ln","ACMI"
"ACMI RER_ln.11","F",0.0588052936053568,0.0980537733996155,0.250214925688769,"RER_ln","ACMI"
"ACMI RGR_Above_ln.7","D",0.0774602282531854,0.0523957391485523,0.193017614870871,"RGR_Above_ln","ACMI"
"ACMI RGR_Above_ln.9","E",0.0774602282531854,0.136121321352541,0.274654309829875,"RGR_Above_ln","ACMI"
"ACMI RGR_Above_ln.11","F",0.0523957391485523,0.136121321352541,0.444127348376002,"RGR_Above_ln","ACMI"
"ACMI RGR_Below_ln.7","D",0.0144457186353535,0.0816921681771496,0.699479172794241,"RGR_Below_ln","ACMI"
"ACMI RGR_Below_ln.9","E",0.0144457186353535,0.115238642940897,0.77721726105179,"RGR_Below_ln","ACMI"
"ACMI RGR_Below_ln.11","F",0.0816921681771496,0.115238642940897,0.170346501765225,"RGR_Below_ln","ACMI"
"ACMI RGR_Tot_ln.7","D",0.0621561138275645,0.0594810409431139,0.0219922349342516,"RGR_Tot_ln","ACMI"
"ACMI RGR_Tot_ln.9","E",0.0621561138275645,0.12951441066131,0.351427518724483,"RGR_Tot_ln","ACMI"
"ACMI RGR_Tot_ln.11","F",0.0594810409431139,0.12951441066131,0.370555847369169,"RGR_Tot_ln","ACMI"
"ACMI RMR.1","A",0.360714305782901,0.273776419153951,0.137019948774827,"RMR","ACMI"
"ACMI RMR.3","B",0.360714305782901,0.335506274621273,0.0362069606546155,"RMR","ACMI"
"ACMI RMR.5","C",0.360714305782901,0.218728683957883,0.245038121677052,"RMR","ACMI"
"ACMI RMR.7","D",0.273776419153951,0.335506274621273,0.101315622613262,"RMR","ACMI"
"ACMI RMR.9","E",0.273776419153951,0.218728683957883,0.111770893028833,"RMR","ACMI"
"ACMI RMR.11","F",0.335506274621273,0.218728683957883,0.210700514025247,"RMR","ACMI"
"ACMI RTD.1","A",0.14774,0.0671428571428571,0.375074791580795,"RTD","ACMI"
"ACMI RTD.3","B",0.14774,0.0708788807616394,0.351575851868725,"RTD","ACMI"
"ACMI RTD.5","C",0.14774,0.0976793404273165,0.203980091730014,"RTD","ACMI"
"ACMI RTD.7","D",0.0671428571428571,0.0708788807616394,0.0270683710805566,"RTD","ACMI"
"ACMI RTD.9","E",0.0671428571428571,0.0976793404273165,0.18526924003339,"RTD","ACMI"
"ACMI RTD.11","F",0.0708788807616394,0.0976793404273165,0.158998235011234,"RTD","ACMI"
"ACMI SLA.1","A",21.6428571428571,34.1344520646707,0.223954778372988,"SLA","ACMI"
"ACMI SLA.3","B",21.6428571428571,40.5766638365462,0.304306532670941,"SLA","ACMI"
"ACMI SLA.5","C",21.6428571428571,18.2786393318822,0.0842708342134349,"SLA","ACMI"
"ACMI SLA.7","D",34.1344520646707,40.5766638365462,0.0862282900498159,"SLA","ACMI"
"ACMI SLA.9","E",34.1344520646707,18.2786393318822,0.302516266648438,"SLA","ACMI"
"ACMI SLA.11","F",40.5766638365462,18.2786393318822,0.378861772928991,"SLA","ACMI"
"ACMI SRL.1","A",27.1925613202018,69.9368652856841,0.440075736665495,"SRL","ACMI"
"ACMI SRL.3","B",27.1925613202018,65.1916293802416,0.411315699925891,"SRL","ACMI"
"ACMI SRL.5","C",27.1925613202018,14.0992445215881,0.317092375392369,"SRL","ACMI"
"ACMI SRL.7","D",69.9368652856841,65.1916293802416,0.0351164713051382,"SRL","ACMI"
"ACMI SRL.9","E",69.9368652856841,14.0992445215881,0.664447948532524,"SRL","ACMI"
"ACMI SRL.11","F",65.1916293802416,14.0992445215881,0.644366524726554,"SRL","ACMI"
"ARTR LDMC.1","A",0.133617324033991,0.138428999502189,0.0176869711218808,"LDMC","ARTR"
"ARTR LDMC.3","B",0.133617324033991,0.138063536423185,0.0163655709191736,"LDMC","ARTR"
"ARTR LDMC.5","C",0.133617324033991,0.176518302161453,0.138329732232784,"LDMC","ARTR"
"ARTR LDMC.7","D",0.138428999502189,0.138063536423185,0.00132178280249442,"LDMC","ARTR"
"ARTR LDMC.9","E",0.138428999502189,0.176518302161453,0.12093865373053,"LDMC","ARTR"
"ARTR LDMC.11","F",0.138063536423185,0.176518302161453,0.122240895759537,"LDMC","ARTR"
"ARTR RDMC.1","A",0.131525415637645,0.105753360770692,0.108615086680158,"RDMC","ARTR"
"ARTR RDMC.3","B",0.131525415637645,0.0885946458206085,0.195033426452039,"RDMC","ARTR"
"ARTR RDMC.5","C",0.131525415637645,0.123831493444141,0.0301300725371792,"RDMC","ARTR"
"ARTR RDMC.7","D",0.105753360770692,0.0885946458206085,0.0882886078999867,"RDMC","ARTR"
"ARTR RDMC.9","E",0.105753360770692,0.123831493444141,0.0787427059823935,"RDMC","ARTR"
"ARTR RDMC.11","F",0.0885946458206085,0.123831493444141,0.165878115308665,"RDMC","ARTR"
"ARTR RER_ln.7","D",0.0946263403457542,0.102653118839041,0.0406873504543007,"RER_ln","ARTR"
"ARTR RER_ln.9","E",0.0946263403457542,0.0675523186385608,0.166939484373291,"RER_ln","ARTR"
"ARTR RER_ln.11","F",0.102653118839041,0.0675523186385608,0.206226080204395,"RER_ln","ARTR"
"ARTR RGR_Above_ln.7","D",0.0794488559864184,0.146231807000684,0.295917913968918,"RGR_Above_ln","ARTR"
"ARTR RGR_Above_ln.9","E",0.0794488559864184,0.0745971747427455,0.0314950097753758,"RGR_Above_ln","ARTR"
"ARTR RGR_Above_ln.11","F",0.146231807000684,0.0745971747427455,0.324389632612477,"RGR_Above_ln","ARTR"
"ARTR RGR_Below_ln.7","D",0.0767390299556705,0.143645243292028,0.303588873881027,"RGR_Below_ln","ARTR"
"ARTR RGR_Below_ln.9","E",0.0767390299556705,0.0749919846069187,0.0115140952150628,"RGR_Below_ln","ARTR"
"ARTR RGR_Below_ln.11","F",0.143645243292028,0.0749919846069187,0.314005347327402,"RGR_Below_ln","ARTR"
"ARTR RGR_Tot_ln.7","D",0.0792254879741551,0.146057321115126,0.296657492025879,"RGR_Tot_ln","ARTR"
"ARTR RGR_Tot_ln.9","E",0.0792254879741551,0.0744893696463359,0.0308110640775676,"RGR_Tot_ln","ARTR"
"ARTR RGR_Tot_ln.11","F",0.146057321115126,0.0744893696463359,0.324502495238962,"RGR_Tot_ln","ARTR"
"ARTR RMR.1","A",0.262297593031286,0.257631224565295,0.00897501409435536,"RMR","ARTR"
"ARTR RMR.3","B",0.262297593031286,0.253355810640397,0.0173406833489688,"RMR","ARTR"
"ARTR RMR.5","C",0.262297593031286,0.231178361966271,0.0630612915378403,"RMR","ARTR"
"ARTR RMR.7","D",0.257631224565295,0.253355810640397,0.00836697143045284,"RMR","ARTR"
"ARTR RMR.9","E",0.257631224565295,0.231178361966271,0.0541169063125892,"RMR","ARTR"
"ARTR RMR.11","F",0.253355810640397,0.231178361966271,0.0457706595900501,"RMR","ARTR"
"ARTR RTD.1","A",0.0792333333333333,0.0831261904761905,0.0239767711281547,"RTD","ARTR"
"ARTR RTD.3","B",0.0792333333333333,0.0977884239549508,0.104818135950374,"RTD","ARTR"
"ARTR RTD.5","C",0.0792333333333333,0.122955128386868,0.216242780035781,"RTD","ARTR"
"ARTR RTD.7","D",0.0831261904761905,0.0977884239549508,0.0810450472719603,"RTD","ARTR"
"ARTR RTD.9","E",0.0831261904761905,0.122955128386868,0.193268065880069,"RTD","ARTR"
"ARTR RTD.11","F",0.0977884239549508,0.122955128386868,0.114008786054809,"RTD","ARTR"
"ARTR SLA.1","A",36.0922349074555,32.7563411383682,0.0484526182047243,"SLA","ARTR"
"ARTR SLA.3","B",36.0922349074555,25.7649617912595,0.166953461639986,"SLA","ARTR"
"ARTR SLA.5","C",36.0922349074555,23.4709171324584,0.211898083676622,"SLA","ARTR"
"ARTR SLA.7","D",32.7563411383682,25.7649617912595,0.119467253754004,"SLA","ARTR"
"ARTR SLA.9","E",32.7563411383682,23.4709171324584,0.165140970615804,"SLA","ARTR"
"ARTR SLA.11","F",25.7649617912595,23.4709171324584,0.0465929462202812,"SLA","ARTR"
"ARTR SRL.1","A",31.8411912358133,50.1772075398723,0.223559793628826,"SRL","ARTR"
"ARTR SRL.3","B",31.8411912358133,19.6987549480285,0.235592723447421,"SRL","ARTR"
"ARTR SRL.5","C",31.8411912358133,13.9674618451983,0.390182382332998,"SRL","ARTR"
"ARTR SRL.7","D",50.1772075398723,19.6987549480285,0.436179359921106,"SRL","ARTR"
"ARTR SRL.9","E",50.1772075398723,13.9674618451983,0.564501244480677,"SRL","ARTR"
"ARTR SRL.11","F",19.6987549480285,13.9674618451983,0.170238703624793,"SRL","ARTR"
"ELTR LDMC.1","A",0.149529538303054,0.191209370436688,0.122321904145876,"LDMC","ELTR"
"ELTR LDMC.3","B",0.149529538303054,0.183778256801838,0.10275402796387,"LDMC","ELTR"
"ELTR LDMC.5","C",0.149529538303054,0.217428577610861,0.185032123185783,"LDMC","ELTR"
"ELTR LDMC.7","D",0.191209370436688,0.183778256801838,0.0198169568675457,"LDMC","ELTR"
"ELTR LDMC.9","E",0.191209370436688,0.217428577610861,0.0641624384114284,"LDMC","ELTR"
"ELTR LDMC.11","F",0.183778256801838,0.217428577610861,0.0838727507179208,"LDMC","ELTR"
"ELTR RDMC.1","A",0.176031156127162,0.150848081468159,0.0770409122471674,"RDMC","ELTR"
"ELTR RDMC.3","B",0.176031156127162,0.139952294626302,0.114179592047715,"RDMC","ELTR"
"ELTR RDMC.5","C",0.176031156127162,0.120061945593806,0.189025715925323,"RDMC","ELTR"
"ELTR RDMC.7","D",0.150848081468159,0.139952294626302,0.0374682694300171,"RDMC","ELTR"
"ELTR RDMC.9","E",0.150848081468159,0.120061945593806,0.113639706171937,"RDMC","ELTR"
"ELTR RDMC.11","F",0.139952294626302,0.120061945593806,0.0764971526777075,"RDMC","ELTR"
"ELTR RER_ln.7","D",0.0933767133600285,0.0296898955071237,0.517498762980081,"RER_ln","ELTR"
"ELTR RER_ln.9","E",0.0933767133600285,0.0782706098960922,0.0880066358005243,"RER_ln","ELTR"
"ELTR RER_ln.11","F",0.0296898955071237,0.0782706098960922,0.449985985222345,"RER_ln","ELTR"
"ELTR RGR_Above_ln.7","D",0.0630279499482152,0.0926834436417761,0.190451661948693,"RGR_Above_ln","ELTR"
"ELTR RGR_Above_ln.9","E",0.0630279499482152,0.100466371672341,0.228989125451187,"RGR_Above_ln","ELTR"
"ELTR RGR_Above_ln.11","F",0.0926834436417761,0.100466371672341,0.0402947733494235,"RGR_Above_ln","ELTR"
"ELTR RGR_Below_ln.7","D",0.0748390588262374,0.0369554531228653,0.338868205986888,"RGR_Below_ln","ELTR"
"ELTR RGR_Below_ln.9","E",0.0748390588262374,0.100327395975639,0.145509236789832,"RGR_Below_ln","ELTR"
"ELTR RGR_Below_ln.11","F",0.0369554531228653,0.100327395975639,0.461615877503407,"RGR_Below_ln","ELTR"
"ELTR RGR_Tot_ln.7","D",0.0679401764426765,0.0686638610564302,0.00529768099832694,"RGR_Tot_ln","ELTR"
"ELTR RGR_Tot_ln.9","E",0.0679401764426765,0.0991824140108469,0.186942037479122,"RGR_Tot_ln","ELTR"
"ELTR RGR_Tot_ln.11","F",0.0686638610564302,0.0991824140108469,0.181824427990339,"RGR_Tot_ln","ELTR"
"ELTR RMR.1","A",0.503047185821422,0.568104511260619,0.0607358655327921,"RMR","ELTR"
"ELTR RMR.3","B",0.503047185821422,0.307872878721556,0.240682547681026,"RMR","ELTR"
"ELTR RMR.5","C",0.503047185821422,0.292196551002528,0.265139635881938,"RMR","ELTR"
"ELTR RMR.7","D",0.568104511260619,0.307872878721556,0.297075741354875,"RMR","ELTR"
"ELTR RMR.9","E",0.568104511260619,0.292196551002528,0.320710937555133,"RMR","ELTR"
"ELTR RMR.11","F",0.307872878721556,0.292196551002528,0.0261241898728882,"RMR","ELTR"
"ELTR RTD.1","A",0.0572544586948274,0.0563434473371777,0.00801961400057002,"RTD","ELTR"
"ELTR RTD.3","B",0.0572544586948274,0.0432272507225729,0.139599615229331,"RTD","ELTR"
"ELTR RTD.5","C",0.0572544586948274,0.11560575091185,0.337563470215582,"RTD","ELTR"
"ELTR RTD.7","D",0.0563434473371777,0.0432272507225729,0.131727474750995,"RTD","ELTR"
"ELTR RTD.9","E",0.0563434473371777,0.11560575091185,0.344650072103536,"RTD","ELTR"
"ELTR RTD.11","F",0.0432272507225729,0.11560575091185,0.455689305399308,"RTD","ELTR"
"ELTR SLA.1","A",98.313835781038,62.4030907892611,0.223440963924041,"SLA","ELTR"
"ELTR SLA.3","B",98.313835781038,58.4347019114366,0.254414710699505,"SLA","ELTR"
"ELTR SLA.5","C",98.313835781038,56.7891802014544,0.267723069835539,"SLA","ELTR"
"ELTR SLA.7","D",62.4030907892611,58.4347019114366,0.0328406270019656,"SLA","ELTR"
"ELTR SLA.9","E",62.4030907892611,56.7891802014544,0.0470996193053823,"SLA","ELTR"
"ELTR SLA.11","F",58.4347019114366,56.7891802014544,0.0142810820101514,"SLA","ELTR"
"ELTR SRL.1","A",35.2891032316076,37.8686033286742,0.0352594445390539,"SRL","ELTR"
"ELTR SRL.3","B",35.2891032316076,37.6728962500676,0.0326717063045775,"SRL","ELTR"
"ELTR SRL.5","C",35.2891032316076,14.0649737584568,0.430038018488797,"SRL","ELTR"
"ELTR SRL.7","D",37.8686033286742,37.6728962500676,0.0025907227113304,"SRL","ELTR"
"ELTR SRL.9","E",37.8686033286742,14.0649737584568,0.458347583689087,"SRL","ELTR"
"ELTR SRL.11","F",37.6728962500676,14.0649737584568,0.456298693543456,"SRL","ELTR"
"HEAN LDMC.1","A",0.251195716565209,0.124633757570671,0.336753681401742,"LDMC","HEAN"
"HEAN LDMC.3","B",0.251195716565209,0.127599248182897,0.326288572670185,"LDMC","HEAN"
"HEAN LDMC.5","C",0.251195716565209,0.164243593288126,0.209301626530673,"LDMC","HEAN"
"HEAN LDMC.7","D",0.124633757570671,0.127599248182897,0.0117569491088861,"LDMC","HEAN"
"HEAN LDMC.9","E",0.124633757570671,0.164243593288126,0.137116446130858,"LDMC","HEAN"
"HEAN LDMC.11","F",0.127599248182897,0.164243593288126,0.125561911748545,"LDMC","HEAN"
"HEAN RDMC.1","A",0.108434681356484,0.0732481425704975,0.193670144625935,"RDMC","HEAN"
"HEAN RDMC.3","B",0.108434681356484,0.0657428761974312,0.245105085629864,"RDMC","HEAN"
"HEAN RDMC.5","C",0.108434681356484,0.0875029620268536,0.106828473427535,"RDMC","HEAN"
"HEAN RDMC.7","D",0.0732481425704975,0.0657428761974312,0.0539982111045443,"RDMC","HEAN"
"HEAN RDMC.9","E",0.0732481425704975,0.0875029620268536,0.0886763390650505,"RDMC","HEAN"
"HEAN RDMC.11","F",0.0657428761974312,0.0875029620268536,0.141994628249383,"RDMC","HEAN"
"HEAN RER_ln.7","D",0.109535098524982,0.0617891623233446,0.278687536518291,"RER_ln","HEAN"
"HEAN RER_ln.9","E",0.109535098524982,0.107594320466807,0.00893834684947882,"RER_ln","HEAN"
"HEAN RER_ln.11","F",0.0617891623233446,0.107594320466807,0.270422814485463,"RER_ln","HEAN"
"HEAN RGR_Above_ln.7","D",0.0503301591127344,0.0935330652084574,0.300305420649181,"RGR_Above_ln","HEAN"
"HEAN RGR_Above_ln.9","E",0.0503301591127344,0.113770223709386,0.386593032299129,"RGR_Above_ln","HEAN"
"HEAN RGR_Above_ln.11","F",0.0935330652084574,0.113770223709386,0.0976210199392864,"RGR_Above_ln","HEAN"
"HEAN RGR_Below_ln.7","D",0.08071244233498,0.059126667096612,0.154361503917669,"RGR_Below_ln","HEAN"
"HEAN RGR_Below_ln.9","E",0.08071244233498,0.112614251637836,0.165015025329826,"RGR_Below_ln","HEAN"
"HEAN RGR_Below_ln.11","F",0.059126667096612,0.112614251637836,0.311443451772424,"RGR_Below_ln","HEAN"
"HEAN RGR_Tot_ln.7","D",0.0575780374651157,0.085366476556938,0.19440017885216,"RGR_Tot_ln","HEAN"
"HEAN RGR_Tot_ln.9","E",0.0575780374651157,0.112509448110736,0.322959743097169,"RGR_Tot_ln","HEAN"
"HEAN RGR_Tot_ln.11","F",0.085366476556938,0.112509448110736,0.137171672599301,"RGR_Tot_ln","HEAN"
"HEAN RMR.1","A",0.240300882624484,0.285032600847422,0.0851491854798748,"RMR","HEAN"
"HEAN RMR.3","B",0.240300882624484,0.182074681816799,0.137854094103921,"RMR","HEAN"
"HEAN RMR.5","C",0.240300882624484,0.194002600177432,0.106603525600022,"RMR","HEAN"
"HEAN RMR.7","D",0.285032600847422,0.182074681816799,0.220416000460079,"RMR","HEAN"
"HEAN RMR.9","E",0.285032600847422,0.194002600177432,0.190027790181682,"RMR","HEAN"
"HEAN RMR.11","F",0.182074681816799,0.194002600177432,0.0317166681735797,"RMR","HEAN"
"HEAN RTD.1","A",0.107152210182319,0.0764128822479526,0.167457371809635,"RTD","HEAN"
"HEAN RTD.3","B",0.107152210182319,0.0842635502977668,0.119575628606261,"RTD","HEAN"
"HEAN RTD.5","C",0.107152210182319,0.0924685986417075,0.0735575195146878,"RTD","HEAN"
"HEAN RTD.7","D",0.0764128822479526,0.0842635502977668,0.0488601092607676,"RTD","HEAN"
"HEAN RTD.9","E",0.0764128822479526,0.0924685986417075,0.0950709119151141,"RTD","HEAN"
"HEAN RTD.11","F",0.0842635502977668,0.0924685986417075,0.0464264617002462,"RTD","HEAN"
"HEAN SLA.1","A",19.1955824175824,42.7293712450835,0.380037245658683,"SLA","HEAN"
"HEAN SLA.3","B",19.1955824175824,33.5570832786535,0.272242182864625,"SLA","HEAN"
"HEAN SLA.5","C",19.1955824175824,23.1164185519665,0.092664871538593,"SLA","HEAN"
"HEAN SLA.7","D",42.7293712450835,33.5570832786535,0.120234817880755,"SLA","HEAN"
"HEAN SLA.9","E",42.7293712450835,23.1164185519665,0.297861909676657,"SLA","HEAN"
"HEAN SLA.11","F",33.5570832786535,23.1164185519665,0.184224803293275,"SLA","HEAN"
"HEAN SRL.1","A",16.3346984232158,23.6398934361625,0.182745956197494,"SRL","HEAN"
"HEAN SRL.3","B",16.3346984232158,26.3185973309699,0.234070983993642,"SRL","HEAN"
"HEAN SRL.5","C",16.3346984232158,15.345139006516,0.0312362529919779,"SRL","HEAN"
"HEAN SRL.7","D",23.6398934361625,26.3185973309699,0.0536185912279347,"SRL","HEAN"
"HEAN SRL.9","E",23.6398934361625,15.345139006516,0.212767667741271,"SRL","HEAN"
"HEAN SRL.11","F",26.3185973309699,15.345139006516,0.263381522856384,"SRL","HEAN"
"HECO LDMC.1","A",0.19776968743463,0.235494085539979,0.0870702801813993,"LDMC","HECO"
"HECO LDMC.3","B",0.19776968743463,0.254209290597015,0.124872186330829,"LDMC","HECO"
"HECO LDMC.5","C",0.19776968743463,0.310052588820869,0.221106687587975,"LDMC","HECO"
"HECO LDMC.7","D",0.235494085539979,0.254209290597015,0.0382174311410098,"LDMC","HECO"
"HECO LDMC.9","E",0.235494085539979,0.310052588820869,0.136667505797265,"LDMC","HECO"
"HECO LDMC.11","F",0.254209290597015,0.310052588820869,0.0989669872461778,"LDMC","HECO"
"HECO RDMC.1","A",0.155457269029846,0.134199544725547,0.0733893466157189,"RDMC","HECO"
"HECO RDMC.3","B",0.155457269029846,0.135681728917957,0.0679247378444107,"RDMC","HECO"
"HECO RDMC.5","C",0.155457269029846,0.143557895622572,0.039795217145947,"RDMC","HECO"
"HECO RDMC.7","D",0.134199544725547,0.135681728917957,0.00549198605890744,"RDMC","HECO"
"HECO RDMC.9","E",0.134199544725547,0.143557895622572,0.0336925300193442,"RDMC","HECO"
"HECO RDMC.11","F",0.135681728917957,0.143557895622572,0.0282057631239643,"RDMC","HECO"
"HECO RER_ln.7","D",0.0966181970936863,0.0481320207723403,0.334964444517951,"RER_ln","HECO"
"HECO RER_ln.9","E",0.0966181970936863,0.0597053971613809,0.236130701243193,"RER_ln","HECO"
"HECO RER_ln.11","F",0.0481320207723403,0.0597053971613809,0.107322454587644,"RER_ln","HECO"
"HECO RGR_Above_ln.7","D",0.0922952724552045,0.0518613316844331,0.280486218526659,"RGR_Above_ln","HECO"
"HECO RGR_Above_ln.9","E",0.0922952724552045,0.067554846472657,0.154772646704833,"RGR_Above_ln","HECO"
"HECO RGR_Above_ln.11","F",0.0518613316844331,0.067554846472657,0.131418665631547,"RGR_Above_ln","HECO"
"HECO RGR_Below_ln.7","D",0.0774673369848673,0.0411349094370251,0.306338443359667,"RGR_Below_ln","HECO"
"HECO RGR_Below_ln.9","E",0.0774673369848673,0.0669617749041079,0.0727385354888506,"RGR_Below_ln","HECO"
"HECO RGR_Below_ln.11","F",0.0411349094370251,0.0669617749041079,0.238923752606305,"RGR_Below_ln","HECO"
"HECO RGR_Tot_ln.7","D",0.0866159582154668,0.0478585457224481,0.288213835024909,"RGR_Tot_ln","HECO"
"HECO RGR_Tot_ln.9","E",0.0866159582154668,0.0675151901300418,0.123925425136051,"RGR_Tot_ln","HECO"
"HECO RGR_Tot_ln.11","F",0.0478585457224481,0.0675151901300418,0.170373649274265,"RGR_Tot_ln","HECO"
"HECO RMR.1","A",0.385177037905842,0.371604279978784,0.0179348480284858,"RMR","HECO"
"HECO RMR.3","B",0.385177037905842,0.309735555910542,0.108562548249389,"RMR","HECO"
"HECO RMR.5","C",0.385177037905842,0.314831462588848,0.100492458687688,"RMR","HECO"
"HECO RMR.7","D",0.371604279978784,0.309735555910542,0.0908045013799711,"RMR","HECO"
"HECO RMR.9","E",0.371604279978784,0.314831462588848,0.0827066743022075,"RMR","HECO"
"HECO RMR.11","F",0.309735555910542,0.314831462588848,0.008159103070396,"RMR","HECO"
"HECO RTD.1","A",0.0674308105287404,0.0593054849287381,0.064112064903526,"RTD","HECO"
"HECO RTD.3","B",0.0674308105287404,0.0679911788407766,0.00413794181170352,"RTD","HECO"
"HECO RTD.5","C",0.0674308105287404,0.108109049519945,0.231732205892854,"RTD","HECO"
"HECO RTD.7","D",0.0593054849287381,0.0679911788407766,0.0682319053370083,"RTD","HECO"
"HECO RTD.9","E",0.0593054849287381,0.108109049519945,0.291513307084855,"RTD","HECO"
"HECO RTD.11","F",0.0679911788407766,0.108109049519945,0.227812712411659,"RTD","HECO"
"HECO SLA.1","A",43.7974238872092,31.8678167266273,0.157662977924906,"SLA","HECO"
"HECO SLA.3","B",43.7974238872092,28.3484220995799,0.214135707694914,"SLA","HECO"
"HECO SLA.5","C",43.7974238872092,27.880720839217,0.222057966326297,"SLA","HECO"
"HECO SLA.7","D",31.8678167266273,28.3484220995799,0.0584459390963433,"SLA","HECO"
"HECO SLA.9","E",31.8678167266273,27.880720839217,0.0667312715899757,"SLA","HECO"
"HECO SLA.11","F",28.3484220995799,27.880720839217,0.00831777323854876,"SLA","HECO"
"HECO SRL.1","A",13.0945748529726,18.8026927926206,0.1789531944576,"SRL","HECO"
"HECO SRL.3","B",13.0945748529726,20.8075003740621,0.227505999837405,"SRL","HECO"
"HECO SRL.5","C",13.0945748529726,13.6275003334051,0.0199432670073513,"SRL","HECO"
"HECO SRL.7","D",18.8026927926206,20.8075003740621,0.050613426019032,"SRL","HECO"
"HECO SRL.9","E",18.8026927926206,13.6275003334051,0.159579452367256,"SRL","HECO"
"HECO SRL.11","F",20.8075003740621,13.6275003334051,0.208508781563638,"SRL","HECO"
"HEVI LDMC.1","A",0.0714285714285714,0.207133641601551,0.487162521782182,"LDMC","HEVI"
"HEVI LDMC.3","B",0.0714285714285714,0.264212580261484,0.574375364469423,"LDMC","HEVI"
"HEVI LDMC.5","C",0.0714285714285714,0.142037235830656,0.330772713947293,"LDMC","HEVI"
"HEVI LDMC.7","D",0.207133641601551,0.264212580261484,0.121097690004438,"LDMC","HEVI"
"HEVI LDMC.9","E",0.207133641601551,0.142037235830656,0.186431372082382,"LDMC","HEVI"
"HEVI LDMC.11","F",0.264212580261484,0.142037235830656,0.300739445511818,"LDMC","HEVI"
"HEVI RDMC.1","A",0.0920598388331544,0.181332634406044,0.326537137307297,"RDMC","HEVI"
"HEVI RDMC.3","B",0.0920598388331544,0.122777345535209,0.14298040068048,"RDMC","HEVI"
"HEVI RDMC.5","C",0.0920598388331544,0.0982760277801824,0.0326590519045789,"RDMC","HEVI"
"HEVI RDMC.7","D",0.181332634406044,0.122777345535209,0.192546423113593,"RDMC","HEVI"
"HEVI RDMC.9","E",0.181332634406044,0.0982760277801824,0.297045899710159,"RDMC","HEVI"
"HEVI RDMC.11","F",0.122777345535209,0.0982760277801824,0.110838922688908,"RDMC","HEVI"
"HEVI RER_ln.7","D",0.115718587694632,0.0367884628627529,0.517550661057335,"RER_ln","HEVI"
"HEVI RER_ln.9","E",0.115718587694632,0.0581826719026736,0.330853933578119,"RER_ln","HEVI"
"HEVI RER_ln.11","F",0.0367884628627529,0.0581826719026736,0.225270647684301,"RER_ln","HEVI"
"HEVI RGR_Above_ln.7","D",0.0559493620364837,0.071655475405238,0.123083996528952,"RGR_Above_ln","HEVI"
"HEVI RGR_Above_ln.9","E",0.0559493620364837,0.0829129334776201,0.19417489348934,"RGR_Above_ln","HEVI"
"HEVI RGR_Above_ln.11","F",0.071655475405238,0.0829129334776201,0.0728315582320166,"RGR_Above_ln","HEVI"
"HEVI RGR_Below_ln.7","D",0.13444502321154,0.0617863204237733,0.370270627728052,"RGR_Below_ln","HEVI"
"HEVI RGR_Below_ln.9","E",0.13444502321154,0.058044608355232,0.396906650163158,"RGR_Below_ln","HEVI"
"HEVI RGR_Below_ln.11","F",0.0617863204237733,0.058044608355232,0.0312249275430543,"RGR_Below_ln","HEVI"
"HEVI RGR_Tot_ln.7","D",0.0833953987803626,0.0736028087361583,0.0623738971234682,"RGR_Tot_ln","HEVI"
"HEVI RGR_Tot_ln.9","E",0.0833953987803626,0.0718362040454507,0.0744641846408208,"RGR_Tot_ln","HEVI"
"HEVI RGR_Tot_ln.11","F",0.0736028087361583,0.0718362040454507,0.0121467043602687,"RGR_Tot_ln","HEVI"
"HEVI RMR.1","A",0.285624244677393,0.40304543656329,0.170504372538014,"RMR","HEVI"
"HEVI RMR.3","B",0.285624244677393,0.308015451388222,0.0377185131978667,"RMR","HEVI"
"HEVI RMR.5","C",0.285624244677393,0.173083242439485,0.245343722085863,"RMR","HEVI"
"HEVI RMR.7","D",0.40304543656329,0.308015451388222,0.133645355531844,"RMR","HEVI"
"HEVI RMR.9","E",0.40304543656329,0.173083242439485,0.399150749658649,"RMR","HEVI"
"HEVI RMR.11","F",0.308015451388222,0.173083242439485,0.28046679544106,"RMR","HEVI"
"HEVI RTD.1","A",0.0609935897435897,0.117823312254195,0.317809568758265,"RTD","HEVI"
"HEVI RTD.3","B",0.0609935897435897,0.115282748950396,0.307977574353026,"RTD","HEVI"
"HEVI RTD.5","C",0.0609935897435897,0.0879517498164349,0.180993646074982,"RTD","HEVI"
"HEVI RTD.7","D",0.117823312254195,0.115282748950396,0.0108987440767095,"RTD","HEVI"
"HEVI RTD.9","E",0.117823312254195,0.0879517498164349,0.145166096110843,"RTD","HEVI"
"HEVI RTD.11","F",0.115282748950396,0.0879517498164349,0.134480116809881,"RTD","HEVI"
"HEVI SLA.1","A",0,45.6403364817001,1,"SLA","HEVI"
"HEVI SLA.3","B",0,27.2109592004058,1,"SLA","HEVI"
"HEVI SLA.5","C",0,33.2120963316554,1,"SLA","HEVI"
"HEVI SLA.7","D",45.6403364817001,27.2109592004058,0.252972539592333,"SLA","HEVI"
"HEVI SLA.9","E",45.6403364817001,33.2120963316554,0.157613908748541,"SLA","HEVI"
"HEVI SLA.11","F",27.2109592004058,33.2120963316554,0.0993186636856744,"SLA","HEVI"
"HEVI SRL.1","A",32.4778039064788,32.5313795850229,0.000824124772326039,"SRL","HEVI"
"HEVI SRL.3","B",32.4778039064788,31.9000279687693,0.00897476539485186,"SRL","HEVI"
"HEVI SRL.5","C",32.4778039064788,20.1770814983701,0.233610277821932,"SRL","HEVI"
"HEVI SRL.7","D",32.5313795850229,31.9000279687693,0.00979881769192306,"SRL","HEVI"
"HEVI SRL.9","E",32.5313795850229,20.1770814983701,0.234389277029097,"SRL","HEVI"
"HEVI SRL.11","F",31.9000279687693,20.1770814983701,0.225107472176357,"SRL","HEVI"
"MACA LDMC.1","A",0.213895888013998,0.126273091382681,0.257586087910556,"LDMC","MACA"
"MACA LDMC.3","B",0.213895888013998,0.123615202518588,0.267489537463639,"LDMC","MACA"
"MACA LDMC.5","C",0.213895888013998,0.15989062916354,0.144481559308913,"LDMC","MACA"
"MACA LDMC.7","D",0.126273091382681,0.123615202518588,0.0106363080182658,"LDMC","MACA"
"MACA LDMC.9","E",0.126273091382681,0.15989062916354,0.117476588984412,"LDMC","MACA"
"MACA LDMC.11","F",0.123615202518588,0.15989062916354,0.127953017508381,"LDMC","MACA"
"MACA RDMC.1","A",0.132569740657952,0.0848103840765702,0.219704338838283,"RDMC","MACA"
"MACA RDMC.3","B",0.132569740657952,0.112145370424021,0.0834618268713656,"RDMC","MACA"
"MACA RDMC.5","C",0.132569740657952,0.0860267250550945,0.212917511959936,"RDMC","MACA"
"MACA RDMC.7","D",0.0848103840765702,0.112145370424021,0.138787447042422,"RDMC","MACA"
"MACA RDMC.9","E",0.0848103840765702,0.0860267250550945,0.00711988738691949,"RDMC","MACA"
"MACA RDMC.11","F",0.112145370424021,0.0860267250550945,0.131797795778363,"RDMC","MACA"
"MACA RER_ln.7","D",0.144942989651725,0.0926279421566447,0.220208116779536,"RER_ln","MACA"
"MACA RER_ln.9","E",0.144942989651725,0.0667458449472472,0.369396642258513,"RER_ln","MACA"
"MACA RER_ln.11","F",0.0926279421566447,0.0667458449472472,0.162398708593939,"RER_ln","MACA"
"MACA RGR_Above_ln.7","D",0.0639568780571835,0.110405183170411,0.266389974895966,"RGR_Above_ln","MACA"
"MACA RGR_Above_ln.9","E",0.0639568780571835,0.0727908593055213,0.0646005661132574,"RGR_Above_ln","MACA"
"MACA RGR_Above_ln.11","F",0.110405183170411,0.0727908593055213,0.205322797133195,"RGR_Above_ln","MACA"
"MACA RGR_Below_ln.7","D",0.127713468576054,0.105089253960987,0.0971819159523267,"RGR_Below_ln","MACA"
"MACA RGR_Below_ln.9","E",0.127713468576054,0.0814918018950595,0.220939303187282,"RGR_Below_ln","MACA"
"MACA RGR_Below_ln.11","F",0.105089253960987,0.0814918018950595,0.126472925976651,"RGR_Below_ln","MACA"
"MACA RGR_Tot_ln.7","D",0.0719956050444824,0.109935439887044,0.208539641251667,"RGR_Tot_ln","MACA"
"MACA RGR_Tot_ln.9","E",0.0719956050444824,0.0757441850148785,0.0253728529659471,"RGR_Tot_ln","MACA"
"MACA RGR_Tot_ln.11","F",0.109935439887044,0.0757441850148785,0.184141124209108,"RGR_Tot_ln","MACA"
"MACA RMR.1","A",0.254154918673252,0.271412633781425,0.032836340500036,"RMR","MACA"
"MACA RMR.3","B",0.254154918673252,0.332316281151371,0.133273999646517,"RMR","MACA"
"MACA RMR.5","C",0.254154918673252,0.302346225454442,0.0865969590354191,"RMR","MACA"
"MACA RMR.7","D",0.271412633781425,0.332316281151371,0.100879129462809,"RMR","MACA"
"MACA RMR.9","E",0.271412633781425,0.302346225454442,0.0539139242472263,"RMR","MACA"
"MACA RMR.11","F",0.332316281151371,0.302346225454442,0.0472220359403451,"RMR","MACA"
"MACA RTD.1","A",0.0911953968253968,0.0883156564196038,0.0160421341958408,"RTD","MACA"
"MACA RTD.3","B",0.0911953968253968,0.105601813730638,0.0732043755322405,"RTD","MACA"
"MACA RTD.5","C",0.0911953968253968,0.0898851996520517,0.00723543658918932,"RTD","MACA"
"MACA RTD.7","D",0.0883156564196038,0.105601813730638,0.0891418256314997,"RTD","MACA"
"MACA RTD.9","E",0.0883156564196038,0.0898851996520517,0.00880771993495223,"RTD","MACA"
"MACA RTD.11","F",0.105601813730638,0.0898851996520517,0.0803972284737879,"RTD","MACA"
"MACA SLA.1","A",12.4989197530864,47.9598562268682,0.586530836905117,"SLA","MACA"
"MACA SLA.3","B",12.4989197530864,36.755123879058,0.492471324935876,"SLA","MACA"
"MACA SLA.5","C",12.4989197530864,25.8175577814765,0.347595574681316,"SLA","MACA"
"MACA SLA.7","D",47.9598562268682,36.755123879058,0.132263884543205,"SLA","MACA"
"MACA SLA.9","E",47.9598562268682,25.8175577814765,0.300122994862455,"SLA","MACA"
"MACA SLA.11","F",36.755123879058,25.8175577814765,0.17479778407004,"SLA","MACA"
"MACA SRL.1","A",33.5060886078474,43.2555514399141,0.127009569180655,"SRL","MACA"
"MACA SRL.3","B",33.5060886078474,23.5109879194083,0.175300125808118,"SRL","MACA"
"MACA SRL.5","C",33.5060886078474,15.6874451576695,0.362215154843547,"SRL","MACA"
"MACA SRL.7","D",43.2555514399141,23.5109879194083,0.295725429383796,"SRL","MACA"
"MACA SRL.9","E",43.2555514399141,15.6874451576695,0.467707919067264,"SRL","MACA"
"MACA SRL.11","F",23.5109879194083,15.6874451576695,0.199588150535381,"SRL","MACA"
"MUPO LDMC.1","A",0.201454205516706,0.128730604751435,0.220251200248164,"LDMC","MUPO"
"MUPO LDMC.3","B",0.201454205516706,0.165069768096226,0.0992689156505301,"LDMC","MUPO"
"MUPO LDMC.5","C",0.201454205516706,0.166232982763634,0.0957912700679088,"LDMC","MUPO"
"MUPO LDMC.7","D",0.128730604751435,0.165069768096226,0.123686580083522,"LDMC","MUPO"
"MUPO LDMC.9","E",0.128730604751435,0.166232982763634,0.127142398586003,"LDMC","MUPO"
"MUPO LDMC.11","F",0.165069768096226,0.166232982763634,0.00351103232432652,"LDMC","MUPO"
"MUPO RDMC.1","A",0.26922619047619,0.0995639860694046,0.460050769236826,"RDMC","MUPO"
"MUPO RDMC.3","B",0.26922619047619,0.111489788042094,0.414315162310742,"RDMC","MUPO"
"MUPO RDMC.5","C",0.26922619047619,0.145073990180231,0.299667260823424,"RDMC","MUPO"
"MUPO RDMC.7","D",0.0995639860694046,0.111489788042094,0.0565059877412541,"RDMC","MUPO"
"MUPO RDMC.9","E",0.0995639860694046,0.145073990180231,0.186030005678214,"RDMC","MUPO"
"MUPO RDMC.11","F",0.111489788042094,0.145073990180231,0.130900013910126,"RDMC","MUPO"
"MUPO RER_ln.7","D",0.110857137659516,0.0899475236815323,0.104129126477152,"RER_ln","MUPO"
"MUPO RER_ln.9","E",0.110857137659516,0.0801846989411436,0.160553516780138,"RER_ln","MUPO"
"MUPO RER_ln.11","F",0.0899475236815323,0.0801846989411436,0.0573837488859532,"RER_ln","MUPO"
"MUPO RGR_Above_ln.7","D",0.0920704307813804,0.108218794018357,0.0806252221162817,"RGR_Above_ln","MUPO"
"MUPO RGR_Above_ln.9","E",0.0920704307813804,0.103505213809031,0.0584673160689216,"RGR_Above_ln","MUPO"
"MUPO RGR_Above_ln.11","F",0.108218794018357,0.103505213809031,0.0222628518026585,"RGR_Above_ln","MUPO"
"MUPO RGR_Below_ln.7","D",0.0536491562100651,0.150592087586498,0.474649143211222,"RGR_Below_ln","MUPO"
"MUPO RGR_Below_ln.9","E",0.0536491562100651,0.0938824313154989,0.272709565322492,"RGR_Below_ln","MUPO"
"MUPO RGR_Below_ln.11","F",0.150592087586498,0.0938824313154989,0.231965509230566,"RGR_Below_ln","MUPO"
"MUPO RGR_Tot_ln.7","D",0.0777251929370119,0.122874359294443,0.225071122319044,"RGR_Tot_ln","MUPO"
"MUPO RGR_Tot_ln.9","E",0.0777251929370119,0.0996196264576918,0.123456854253808,"RGR_Tot_ln","MUPO"
"MUPO RGR_Tot_ln.11","F",0.122874359294443,0.0996196264576918,0.104518478367581,"RGR_Tot_ln","MUPO"
"MUPO RMR.1","A",0.356924666425764,0.303048201291871,0.0816343637280306,"RMR","MUPO"
"MUPO RMR.3","B",0.356924666425764,0.412135172549791,0.0717896102825651,"RMR","MUPO"
"MUPO RMR.5","C",0.356924666425764,0.353024892658474,0.00549302935312769,"RMR","MUPO"
"MUPO RMR.7","D",0.303048201291871,0.412135172549791,0.152530071654143,"RMR","MUPO"
"MUPO RMR.9","E",0.303048201291871,0.353024892658474,0.0761754929861299,"RMR","MUPO"
"MUPO RMR.11","F",0.412135172549791,0.353024892658474,0.0772521758244508,"RMR","MUPO"
"MUPO RTD.1","A",0.1765,0.0798389049222383,0.377083202048805,"RTD","MUPO"
"MUPO RTD.3","B",0.1765,0.125755011957544,0.16788799535137,"RTD","MUPO"
"MUPO RTD.5","C",0.1765,0.136477752272962,0.127875695433243,"RTD","MUPO"
"MUPO RTD.7","D",0.0798389049222383,0.125755011957544,0.223333976666995,"RTD","MUPO"
"MUPO RTD.9","E",0.0798389049222383,0.136477752272962,0.261833037201632,"RTD","MUPO"
"MUPO RTD.11","F",0.125755011957544,0.136477752272962,0.0408901623978335,"RTD","MUPO"
"MUPO SLA.1","A",25.3142409281639,23.3388991355172,0.0406004995784679,"SLA","MUPO"
"MUPO SLA.3","B",25.3142409281639,20.7316055546338,0.0995233169454729,"SLA","MUPO"
"MUPO SLA.5","C",25.3142409281639,50.1827453679056,0.329397313188334,"SLA","MUPO"
"MUPO SLA.7","D",23.3388991355172,20.7316055546338,0.0591618725316327,"SLA","MUPO"
"MUPO SLA.9","E",23.3388991355172,50.1827453679056,0.365114877580556,"SLA","MUPO"
"MUPO SLA.11","F",20.7316055546338,50.1827453679056,0.415305779861704,"SLA","MUPO"
"MUPO SRL.1","A",24.7474431620418,65.9537090816294,0.454308075479415,"SRL","MUPO"
"MUPO SRL.3","B",24.7474431620418,22.4339637441396,0.0490337098786052,"SRL","MUPO"
"MUPO SRL.5","C",24.7474431620418,9.14436533328179,0.46037902730723,"SRL","MUPO"
"MUPO SRL.7","D",65.9537090816294,22.4339637441396,0.492373471844614,"SRL","MUPO"
"MUPO SRL.9","E",65.9537090816294,9.14436533328179,0.756468713624803,"SRL","MUPO"
"MUPO SRL.11","F",22.4339637441396,9.14436533328179,0.420845522835467,"SRL","MUPO"
"PAMU LDMC.1","A",0.125,0.232955224211493,0.301588625921852,"LDMC","PAMU"
"PAMU LDMC.3","B",0.125,0.10164878553639,0.103028191429954,"LDMC","PAMU"
"PAMU LDMC.5","C",0.125,0.134081861312701,0.0350540221792671,"LDMC","PAMU"
"PAMU LDMC.7","D",0.232955224211493,0.10164878553639,0.392423386599698,"LDMC","PAMU"
"PAMU LDMC.9","E",0.232955224211493,0.134081861312701,0.269382486942928,"LDMC","PAMU"
"PAMU LDMC.11","F",0.10164878553639,0.134081861312701,0.137585317012573,"LDMC","PAMU"
"PAMU RDMC.1","A",0.152945742161272,0.0783957834671794,0.322250657298007,"RDMC","PAMU"
"PAMU RDMC.3","B",0.152945742161272,0.0704313426413831,0.369395095261391,"RDMC","PAMU"
"PAMU RDMC.5","C",0.152945742161272,0.0648775169938381,0.404310474046856,"RDMC","PAMU"
"PAMU RDMC.7","D",0.0783957834671794,0.0704313426413831,0.0535147122305285,"RDMC","PAMU"
"PAMU RDMC.9","E",0.0783957834671794,0.0648775169938381,0.0943530052692506,"RDMC","PAMU"
"PAMU RDMC.11","F",0.0704313426413831,0.0648775169938381,0.0410455432298931,"RDMC","PAMU"
"PAMU RER_ln.7","D",0.0656349194505485,0.0495486082069981,0.139658088015648,"RER_ln","PAMU"
"PAMU RER_ln.9","E",0.0656349194505485,0.0975553944889356,0.195602755260488,"RER_ln","PAMU"
"PAMU RER_ln.11","F",0.0495486082069981,0.0975553944889356,0.326345887277917,"RER_ln","PAMU"
"PAMU RGR_Above_ln.7","D",-0.0130321153791815,0.0794102295543943,1.39266301976527,"RGR_Above_ln","PAMU"
"PAMU RGR_Above_ln.9","E",-0.0130321153791815,0.115596514855763,1.25412551422693,"RGR_Above_ln","PAMU"
"PAMU RGR_Above_ln.11","F",0.0794102295543943,0.115596514855763,0.185564275793757,"RGR_Above_ln","PAMU"
"PAMU RGR_Below_ln.7","D",0.0137951635758059,0.0606793956253965,0.629533528663486,"RGR_Below_ln","PAMU"
"PAMU RGR_Below_ln.9","E",0.0137951635758059,0.118171098725877,0.79092893387752,"RGR_Below_ln","PAMU"
"PAMU RGR_Below_ln.11","F",0.0606793956253965,0.118171098725877,0.321451183621351,"RGR_Below_ln","PAMU"
"PAMU RGR_Tot_ln.7","D",-0.00662305554416466,0.0744399569402378,1.19532167963511,"RGR_Tot_ln","PAMU"
"PAMU RGR_Tot_ln.9","E",-0.00662305554416466,0.11446156390421,1.12283284783673,"RGR_Tot_ln","PAMU"
"PAMU RGR_Tot_ln.11","F",0.0744399569402378,0.11446156390421,0.211864927212143,"RGR_Tot_ln","PAMU"
"PAMU RMR.1","A",0.321640077203936,0.399701875019272,0.108217465481865,"RMR","PAMU"
"PAMU RMR.3","B",0.321640077203936,0.309977518169535,0.0184645885735737,"RMR","PAMU"
"PAMU RMR.5","C",0.321640077203936,0.288536425483413,0.0542525835962667,"RMR","PAMU"
"PAMU RMR.7","D",0.399701875019272,0.309977518169535,0.126429423921382,"RMR","PAMU"
"PAMU RMR.9","E",0.399701875019272,0.288536425483413,0.161521742475919,"RMR","PAMU"
"PAMU RMR.11","F",0.309977518169535,0.288536425483413,0.0358238816547183,"RMR","PAMU"
"PAMU RTD.1","A",0.08971875,0.0581054487179487,0.213857416825036,"RTD","PAMU"
"PAMU RTD.3","B",0.08971875,0.0692162366618888,0.128999371181421,"RTD","PAMU"
"PAMU RTD.5","C",0.08971875,0.0737693613453596,0.0975568714042347,"RTD","PAMU"
"PAMU RTD.7","D",0.0581054487179487,0.0692162366618888,0.0872654796454619,"RTD","PAMU"
"PAMU RTD.9","E",0.0581054487179487,0.0737693613453596,0.118778655452783,"RTD","PAMU"
"PAMU RTD.11","F",0.0692162366618888,0.0737693613453596,0.031843239787268,"RTD","PAMU"
"PAMU SLA.7","D",57.6553041206552,51.1729067371485,0.0595654135302897,"SLA","PAMU"
"PAMU SLA.9","E",57.6553041206552,23.3030697357681,0.42431971825187,"SLA","PAMU"
"PAMU SLA.11","F",51.1729067371485,23.3030697357681,0.374212441665876,"SLA","PAMU"
"PAMU SRL.1","A",46.2099019207683,49.8296957168555,0.0376906389148501,"SRL","PAMU"
"PAMU SRL.3","B",46.2099019207683,41.1568455834642,0.05783729487079,"SRL","PAMU"
"PAMU SRL.5","C",46.2099019207683,15.9310096671727,0.487261797097156,"SRL","PAMU"
"PAMU SRL.7","D",49.8296957168555,41.1568455834642,0.0953201430612118,"SRL","PAMU"
"PAMU SRL.9","E",49.8296957168555,15.9310096671727,0.515485438480653,"SRL","PAMU"
"PAMU SRL.11","F",41.1568455834642,15.9310096671727,0.441877450213197,"SRL","PAMU"
"PLPA LDMC.1","A",0.0725960131049834,0.0977038346763952,0.147433024154219,"LDMC","PLPA"
"PLPA LDMC.3","B",0.0725960131049834,0.114735927727652,0.224947835565944,"LDMC","PLPA"
"PLPA LDMC.5","C",0.0725960131049834,0.146630748601587,0.337708475554171,"LDMC","PLPA"
"PLPA LDMC.7","D",0.0977038346763952,0.114735927727652,0.0801737530607055,"LDMC","PLPA"
"PLPA LDMC.9","E",0.0977038346763952,0.146630748601587,0.200245553735334,"LDMC","PLPA"
"PLPA LDMC.11","F",0.114735927727652,0.146630748601587,0.12203093876343,"LDMC","PLPA"
"PLPA RDMC.1","A",0.141815430150542,0.109144781721066,0.130182582274,"RDMC","PLPA"
"PLPA RDMC.3","B",0.141815430150542,0.0977226780332155,0.184074060080251,"RDMC","PLPA"
"PLPA RDMC.5","C",0.141815430150542,0.0999708055457021,0.173064543911463,"RDMC","PLPA"
"PLPA RDMC.7","D",0.109144781721066,0.0977226780332155,0.0552145982815163,"RDMC","PLPA"
"PLPA RDMC.9","E",0.109144781721066,0.0999708055457021,0.0438703603842818,"RDMC","PLPA"
"PLPA RDMC.11","F",0.0977226780332155,0.0999708055457021,0.0113717835903737,"RDMC","PLPA"
"PLPA RER_ln.7","D",0.0435972213633842,0.101748805146931,0.400090633227046,"RER_ln","PLPA"
"PLPA RER_ln.9","E",0.0435972213633842,0.0674537071412509,0.214824730410705,"RER_ln","PLPA"
"PLPA RER_ln.11","F",0.101748805146931,0.0674537071412509,0.202686695025365,"RER_ln","PLPA"
"PLPA RGR_Above_ln.7","D",0.13434467153985,0.10143388193684,0.139583474059542,"RGR_Above_ln","PLPA"
"PLPA RGR_Above_ln.9","E",0.13434467153985,0.0604933701543062,0.379039435745668,"RGR_Above_ln","PLPA"
"PLPA RGR_Above_ln.11","F",0.10143388193684,0.0604933701543062,0.252832745901779,"RGR_Above_ln","PLPA"
"PLPA RGR_Below_ln.7","D",0.0160707234716214,0.102587882606956,0.729126710607419,"RGR_Below_ln","PLPA"
"PLPA RGR_Below_ln.9","E",0.0160707234716214,0.0682314573389108,0.618735284968722,"RGR_Below_ln","PLPA"
"PLPA RGR_Below_ln.11","F",0.102587882606956,0.0682314573389108,0.201127256895694,"RGR_Below_ln","PLPA"
"PLPA RGR_Tot_ln.7","D",0.103947960885235,0.101115057403836,0.0138147946179417,"RGR_Tot_ln","PLPA"
"PLPA RGR_Tot_ln.9","E",0.103947960885235,0.0606942977095829,0.262713009070768,"RGR_Tot_ln","PLPA"
"PLPA RGR_Tot_ln.11","F",0.101115057403836,0.0606942977095829,0.24980483771115,"RGR_Tot_ln","PLPA"
"PLPA RMR.1","A",0.401374715070775,0.139112440237636,0.485233131365513,"RMR","PLPA"
"PLPA RMR.3","B",0.401374715070775,0.146392734884829,0.46549312159131,"RMR","PLPA"
"PLPA RMR.5","C",0.401374715070775,0.153878568622488,0.445735583591813,"RMR","PLPA"
"PLPA RMR.7","D",0.139112440237636,0.146392734884829,0.0254996941616572,"RMR","PLPA"
"PLPA RMR.9","E",0.139112440237636,0.153878568622488,0.0503978891444464,"RMR","PLPA"
"PLPA RMR.11","F",0.146392734884829,0.153878568622488,0.0249302335928227,"RMR","PLPA"
"PLPA RTD.1","A",0.062346062039812,0.0435696824739121,0.177276566879695,"RTD","PLPA"
"PLPA RTD.3","B",0.062346062039812,0.0376632794581278,0.246804770554286,"RTD","PLPA"
"PLPA RTD.5","C",0.062346062039812,0.0770684994736308,0.105601863062197,"RTD","PLPA"
"PLPA RTD.7","D",0.0435696824739121,0.0376632794581278,0.0727094380816212,"RTD","PLPA"
"PLPA RTD.9","E",0.0435696824739121,0.0770684994736308,0.277680055011812,"RTD","PLPA"
"PLPA RTD.11","F",0.0376632794581278,0.0770684994736308,0.343455147147513,"RTD","PLPA"
"PLPA SLA.1","A",88.7088454199395,64.6932784356571,0.156553027954744,"SLA","PLPA"
"PLPA SLA.3","B",88.7088454199395,45.6075969107497,0.320893315526284,"SLA","PLPA"
"PLPA SLA.5","C",88.7088454199395,162.400633826787,0.293464781289446,"SLA","PLPA"
"PLPA SLA.7","D",64.6932784356571,45.6075969107497,0.173032910799371,"SLA","PLPA"
"PLPA SLA.9","E",64.6932784356571,162.400633826787,0.430250879108608,"SLA","PLPA"
"PLPA SLA.11","F",45.6075969107497,162.400633826787,0.561482766820923,"SLA","PLPA"
"PLPA SRL.1","A",38.894486547682,49.622190093319,0.121194151799728,"SRL","PLPA"
"PLPA SRL.3","B",38.894486547682,45.3688202931381,0.0768345557300118,"SRL","PLPA"
"PLPA SRL.5","C",38.894486547682,40.9957867539229,0.0263023284237367,"SRL","PLPA"
"PLPA SRL.7","D",49.622190093319,45.3688202931381,0.044776550779665,"SRL","PLPA"
"PLPA SRL.9","E",49.622190093319,40.9957867539229,0.0951952762522817,"SRL","PLPA"
"PLPA SRL.11","F",45.3688202931381,40.9957867539229,0.0506345560842101,"SRL","PLPA"
"VUOC LDMC.1","A",0.16148624527252,0.124085817639362,0.130966689289555,"LDMC","VUOC"
"VUOC LDMC.3","B",0.16148624527252,0.144927281021711,0.0540412313094429,"LDMC","VUOC"
"VUOC LDMC.5","C",0.16148624527252,0.186742623507374,0.0725281000491023,"LDMC","VUOC"
"VUOC LDMC.7","D",0.124085817639362,0.144927281021711,0.0774737865408069,"LDMC","VUOC"
"VUOC LDMC.9","E",0.124085817639362,0.186742623507374,0.201580027995033,"LDMC","VUOC"
"VUOC LDMC.11","F",0.144927281021711,0.186742623507374,0.12607517870828,"LDMC","VUOC"
"VUOC RDMC.1","A",0.198681477732794,0.128256199791228,0.215408876930042,"RDMC","VUOC"
"VUOC RDMC.3","B",0.198681477732794,0.129411855501356,0.211127795705627,"RDMC","VUOC"
"VUOC RDMC.5","C",0.198681477732794,0.151933174585722,0.133332428744599,"RDMC","VUOC"
"VUOC RDMC.7","D",0.128256199791228,0.129411855501356,0.00448505620464159,"RDMC","VUOC"
"VUOC RDMC.9","E",0.128256199791228,0.151933174585722,0.0845034714365756,"RDMC","VUOC"
"VUOC RDMC.11","F",0.129411855501356,0.151933174585722,0.0800487539353234,"RDMC","VUOC"
"VUOC RER_ln.7","D",0.0976771688064006,0.102366449348504,0.0234412903813426,"RER_ln","VUOC"
"VUOC RER_ln.9","E",0.0976771688064006,0.0991630891023476,0.00754886379307542,"RER_ln","VUOC"
"VUOC RER_ln.11","F",0.102366449348504,0.0991630891023476,0.0158952393320634,"RER_ln","VUOC"
"VUOC RGR_Above_ln.7","D",0.178900359915699,0.130438610751178,0.156662282350157,"RGR_Above_ln","VUOC"
"VUOC RGR_Above_ln.9","E",0.178900359915699,0.0963544018496108,0.299889300866915,"RGR_Above_ln","VUOC"
"VUOC RGR_Above_ln.11","F",0.130438610751178,0.0963544018496108,0.150287738192196,"RGR_Above_ln","VUOC"
"VUOC RGR_Below_ln.7","D",0.10653448744164,0.116076535628338,0.0428642214347937,"RGR_Below_ln","VUOC"
"VUOC RGR_Below_ln.9","E",0.10653448744164,0.0955657691437927,0.0542736485503204,"RGR_Below_ln","VUOC"
"VUOC RGR_Below_ln.11","F",0.116076535628338,0.0955657691437927,0.0969124131710258,"RGR_Below_ln","VUOC"
"VUOC RGR_Tot_ln.7","D",0.149733399945803,0.126767937668207,0.0830573279528031,"RGR_Tot_ln","VUOC"
"VUOC RGR_Tot_ln.9","E",0.149733399945803,0.0958727910035155,0.219296625765437,"RGR_Tot_ln","VUOC"
"VUOC RGR_Tot_ln.11","F",0.126767937668207,0.0958727910035155,0.138766823343655,"RGR_Tot_ln","VUOC"
"VUOC RMR.1","A",0.535690553055433,0.32937352906464,0.238499121920723,"RMR","VUOC"
"VUOC RMR.3","B",0.535690553055433,0.274552902823495,0.322295290800791,"RMR","VUOC"
"VUOC RMR.5","C",0.535690553055433,0.217643161248708,0.422186589777822,"RMR","VUOC"
"VUOC RMR.7","D",0.32937352906464,0.274552902823495,0.0907736825986422,"RMR","VUOC"
"VUOC RMR.9","E",0.32937352906464,0.217643161248708,0.204254037937909,"RMR","VUOC"
"VUOC RMR.11","F",0.274552902823495,0.217643161248708,0.11562412975013,"RMR","VUOC"
"VUOC RTD.1","A",0.0476134788359788,0.0400609119968612,0.0861433625871133,"RTD","VUOC"
"VUOC RTD.3","B",0.0476134788359788,0.0394743425940612,0.0934589487745543,"RTD","VUOC"
"VUOC RTD.5","C",0.0476134788359788,0.0288809991072384,0.24488669290149,"RTD","VUOC"
"VUOC RTD.7","D",0.0400609119968612,0.0394743425940612,0.00737496102598714,"RTD","VUOC"
"VUOC RTD.9","E",0.0400609119968612,0.0288809991072384,0.162164243934891,"RTD","VUOC"
"VUOC RTD.11","F",0.0394743425940612,0.0288809991072384,0.154974625583964,"RTD","VUOC"
"VUOC SLA.1","A",120.451369887108,112.15284517597,0.0356765878420876,"SLA","VUOC"
"VUOC SLA.3","B",120.451369887108,74.3588875088368,0.236601927405648,"SLA","VUOC"
"VUOC SLA.5","C",120.451369887108,66.0566213752435,0.291648353208361,"SLA","VUOC"
"VUOC SLA.7","D",112.15284517597,74.3588875088368,0.202635818793247,"SLA","VUOC"
"VUOC SLA.9","E",112.15284517597,66.0566213752435,0.258663160228244,"SLA","VUOC"
"VUOC SLA.11","F",74.3588875088368,66.0566213752435,0.0591264184389148,"SLA","VUOC"
"VUOC SRL.1","A",70.9919886960348,67.8851842212501,0.0223708793138754,"SRL","VUOC"
"VUOC SRL.3","B",70.9919886960348,62.1312836609693,0.0665601504393857,"SRL","VUOC"
"VUOC SRL.5","C",70.9919886960348,59.0522267254492,0.091813095506693,"SRL","VUOC"
"VUOC SRL.7","D",67.8851842212501,62.1312836609693,0.0442551674722707,"SRL","VUOC"
"VUOC SRL.9","E",67.8851842212501,59.0522267254492,0.0695851398726718,"SRL","VUOC"
"VUOC SRL.11","F",62.1312836609693,59.0522267254492,0.0254082170561156,"SRL","VUOC"
