"","H_num","POP_ID","Above_weight_avg","Tot_weight_avg","Below_weight_avg","RE_avg","RGR_Above_ln","RGR_Below_ln","RGR_Tot_ln","RER_ln","SPECIES","LOCATION_CODE","POP_CODE","GrowthForm","Days"
"ACMI_NMNC_CM.1","H1","ACMI_NMNC_CM",0.000775,0.001051675,0.000276675,3.255925,NA,NA,NA,NA,"ACMI","NMNC","CM","FORB","10"
"ACMI_NMNC_CM.2","H2","ACMI_NMNC_CM",0.00072025,0.00108275,0.0003625,25.6385,-0.00523318967062204,0.0192986387245629,0.00207999784918973,0.14740133675172,"ACMI","NMNC","CM","FORB","24"
"ACMI_NMNC_CM.3","H3","ACMI_NMNC_CM",0.00196666666666667,0.00235983333333333,0.000393166666666667,24.5653,0.055805387070059,0.00451161866027168,0.0432826052201211,-0.00237556944208622,"ACMI","NMNC","CM","FORB","42"
"ACMI_NMNC_CM.4","H4","ACMI_NMNC_CM",0.67085,0.70675,0.0718,4004.7468,0.138862035780784,0.123985860591826,0.135763952416641,0.121283351392539,"ACMI","NMNC","CM","FORB","84"
"ACMI_UTNW_CCC.5","H1","ACMI_UTNW_CCC",4.7365e-05,0.000100665,5.33e-05,2.49385,NA,NA,NA,NA,"ACMI","UTNW","CCC","FORB","10"
"ACMI_UTNW_CCC.6","H2","ACMI_UTNW_CCC",0.000103033333333333,0.000169366666666667,6.63333333333333e-05,4.13096666666667,0.0555120715101759,0.0156254432060418,0.0371619869752332,0.0360488384434395,"ACMI","UTNW","CCC","FORB","24"
"ACMI_UTNW_CCC.7","H3","ACMI_UTNW_CCC",3e-04,0.00069575,0.00039575,13.59595,0.0593738841214578,0.0992272312613743,0.0784958005819124,0.0661811397202258,"ACMI","UTNW","CCC","FORB","42"
"ACMI_UTNW_CCC.8","H4","ACMI_UTNW_CCC",0.375766666666667,0.469366666666667,0.0936,1240.9798,0.169831933040674,0.130142927707251,0.155098789210269,0.107473441752415,"ACMI","UTNW","CCC","FORB","84"
"ACMI_UTNW_VE.9","H1","ACMI_UTNW_VE",0.000130666666666667,0.000226666666666667,9.6e-05,2.79093333333333,NA,NA,NA,NA,"ACMI","UTNW","VE","FORB","10"
"ACMI_UTNW_VE.10","H2","ACMI_UTNW_VE",0.0016725,0.0017805,0.000108,7.368875,0.182101802920002,0.00841307397545599,0.147226356658271,0.0693492129085987,"ACMI","UTNW","VE","FORB","24"
"ACMI_UTNW_VE.11","H3","ACMI_UTNW_VE",0.0035625,0.0049375,0.001375,55.938375,0.0420079462541401,0.141337654609803,0.056664717027308,0.112610310537931,"ACMI","UTNW","VE","FORB","42"
"ACMI_UTNW_VE.12","H4","ACMI_UTNW_VE",0.2343,0.2987,0.0644,872.393666666667,0.0996699952361662,0.0915871405236136,0.0976804903570196,0.0654045270538921,"ACMI","UTNW","VE","FORB","84"
"ARTR_UTC_MC.13","H1","ARTR_UTC_MC",0.000149,0.000205333333333333,5.63333333333333e-05,2.41293333333333,NA,NA,NA,NA,"ARTR","UTC","MC","FORB","10"
"ARTR_UTC_MC.14","H2","ARTR_UTC_MC",0.000655,0.0009285,0.0002735,11.6157,0.105763494977842,0.112858228257648,0.107781121851954,0.112251033797632,"ARTR","UTC","MC","FORB","24"
"ARTR_UTC_MC.15","H3","ARTR_UTC_MC",0.0166666666666667,0.0245666666666667,0.0079,152.9415,0.179807264450385,0.186850912032949,0.181976411595364,0.143205436890727,"ARTR","UTC","MC","FORB","42"
"ARTR_UTC_MC.16","H4","ARTR_UTC_MC",0.2445,0.329566666666667,0.0850666666666667,1499.1009,0.0639477283846402,0.0565850596030845,0.0618187654692332,0.0543467931438707,"ARTR","UTC","MC","FORB","84"
"ARTR_UTSC_B.17","H1","ARTR_UTSC_B",0.000495025,0.000786275,0.00029125,4.7276,NA,NA,NA,NA,"ARTR","UTSC","B","FORB","10"
"ARTR_UTSC_B.18","H2","ARTR_UTSC_B",0.00125,0.0017315,0.0004815,15.6956,0.0661636117108921,0.035908873311305,0.0563883399879243,0.0857116245816096,"ARTR","UTSC","B","FORB","24"
"ARTR_UTSC_B.19","H3","ARTR_UTSC_B",0.0142,0.0187333333333333,0.00453333333333333,73.1761666666667,0.135005467405167,0.124572586212103,0.132295354631733,0.0855271865370431,"ARTR","UTSC","B","FORB","42"
"ARTR_UTSC_B.20","H4","ARTR_UTSC_B",0.514133333333333,0.6942,0.180066666666667,1957.38703333333,0.0854581112043085,0.0876635630622978,0.0860108484570512,0.0782499033469225,"ARTR","UTSC","B","FORB","84"
"ARTR_UTSE_MO.21","H1","ARTR_UTSE_MO",0.0002315,0.000325,9.35e-05,2.3231,NA,NA,NA,NA,"ARTR","UTSE","MO","FORB","10"
"ARTR_UTSE_MO.22","H2","ARTR_UTSE_MO",0.0015,0.001692,0.000288,8.50126666666667,0.133474322397429,0.0803570745600932,0.117845811274031,0.0926651908112152,"ARTR","UTSE","MO","FORB","24"
"ARTR_UTSE_MO.23","H3","ARTR_UTSE_MO",0.018525,0.024475,0.00595,122.296975,0.139647559059666,0.168232556577985,0.148430051512919,0.148124285340301,"ARTR","UTSE","MO","FORB","42"
"ARTR_UTSE_MO.24","H4","ARTR_UTSE_MO",0.339066666666667,0.435166666666667,0.0961,1293.89476666667,0.0692160850880406,0.0662380499147311,0.0685256407393929,0.0561657104658783,"ARTR","UTSE","MO","FORB","84"
"ARTR_UTSW_BJ.25","H1","ARTR_UTSW_BJ",0.0006625,0.00079875,0.00013625,6.052575,NA,NA,NA,NA,"ARTR","UTSW","BJ","FORB","10"
"ARTR_UTSW_BJ.26","H2","ARTR_UTSW_BJ",0.001325,0.00174875,0.00042375,11.6467,0.049510512897139,0.0810465875108077,0.0559720371634247,0.0467527911968501,"ARTR","UTSW","BJ","FORB","24"
"ARTR_UTSW_BJ.27","H3","ARTR_UTSW_BJ",0.01255,0.017275,0.004725,86.2526,0.1249060114522,0.133971065624066,0.127242173480899,0.111236517905651,"ARTR","UTSW","BJ","FORB","42"
"ARTR_UTSW_BJ.28","H4","ARTR_UTSW_BJ",0.1661,0.2191,0.053,748.09335,0.0614968893105109,0.0575577226811051,0.0604825684987545,0.0514344659349585,"ARTR","UTSW","BJ","FORB","84"
"ARTR_UTSW_MV.29","H1","ARTR_UTSW_MV",0.00068125,0.000785,0.000138333333333333,3.02035,NA,NA,NA,NA,"ARTR","UTSW","MV","FORB","10"
"ARTR_UTSW_MV.30","H2","ARTR_UTSW_MV",0.0011,0.00131866666666667,0.000218666666666667,13.6271333333333,0.0342240080577863,0.0327058763366708,0.0370494775922917,0.10762072746464,"ARTR","UTSW","MV","FORB","24"
"ARTR_UTSW_MV.31","H3","ARTR_UTSW_MV",0.0131666666666667,0.0161333333333333,0.00296666666666667,35.76085,0.137909900190813,0.144869209265341,0.139125911109007,0.0535994897989714,"ARTR","UTSW","MV","FORB","42"
"ARTR_UTSW_MV.32","H4","ARTR_UTSW_MV",0.334066666666667,0.4247,0.0906333333333333,1012.13636666667,0.0769917188242512,0.0814138827357222,0.0778689407682083,0.0795944016867225,"ARTR","UTSW","MV","FORB","84"
"ARTR_UTSW_OCR.33","H1","ARTR_UTSW_OCR",0.00028775,0.00035525,9e-05,2.653975,NA,NA,NA,NA,"ARTR","UTSW","OCR","FORB","10"
"ARTR_UTSW_OCR.34","H2","ARTR_UTSW_OCR",0.000980333333333333,0.001447,0.000466666666666667,14.8003666666667,0.087557185877421,0.117557539757498,0.100316139975305,0.122756674222578,"ARTR","UTSW","OCR","FORB","24"
"ARTR_UTSW_OCR.35","H3","ARTR_UTSW_OCR",0.0175,0.0205,0.003,56.301225,0.160114639445873,0.103375130039723,0.147274024360834,0.0742257965615513,"ARTR","UTSW","OCR","FORB","42"
"ARTR_UTSW_OCR.36","H4","ARTR_UTSW_OCR",0.78215,0.9864,0.20425,2044.00635,0.0904725156447217,0.100493629644572,0.0922294539453755,0.0855226372530122,"ARTR","UTSW","OCR","FORB","84"
"ELTR_NMNW_C.37","H1","ELTR_NMNW_C",0.002125,0.003275,0.00115,31.0503,NA,NA,NA,NA,"ELTR","NMNW","C","GRASS","10"
"ELTR_NMNW_C.38","H2","ELTR_NMNW_C",0.0042,0.010825,0.006625,170.4279,0.0486651944937816,0.125077744964081,0.0853957432000955,0.121621704515595,"ELTR","NMNW","C","GRASS","24"
"ELTR_NMNW_C.39","H3","ELTR_NMNW_C",0.0264,0.039575,0.013175,291.85535,0.102126638047942,0.03819281791973,0.072018851771029,0.0298858871905265,"ELTR","NMNW","C","GRASS","42"
"ELTR_NMNW_C.40","H4","ELTR_NMNW_C",1.41903333333333,1.79193333333333,0.55935,6579.6111,0.0948658847012627,0.0892489119253694,0.0907822091594005,0.0741779194384013,"ELTR","NMNW","C","GRASS","84"
"ELTR_UTC_TMC.41","H1","ELTR_UTC_TMC",0.0001994,0.00061915,0.00041975,9.0164,NA,NA,NA,NA,"ELTR","UTC","TMC","GRASS","10"
"ELTR_UTC_TMC.42","H2","ELTR_UTC_TMC",0.00064,0.0013975,0.0007575,30.9100666666667,0.08329680848757,0.0421688743875624,0.0581494739548676,0.0880026265439529,"ELTR","UTC","TMC","GRASS","24"
"ELTR_UTC_TMC.43","H3","ELTR_UTC_TMC",0.00356666666666667,0.00553333333333333,0.00196666666666667,78.0196,0.0954399197460095,0.0530039891023431,0.0764503044804039,0.0514376757907677,"ELTR","UTC","TMC","GRASS","42"
"ELTR_UTC_TMC.44","H4","ELTR_UTC_TMC",0.250266666666667,0.328266666666667,0.117,1291.62166666667,0.101211799124869,0.0972817588703379,0.0972151399882797,0.0668260413482845,"ELTR","UTC","TMC","GRASS","84"
"ELTR_UTSW_DNF.45","H1","ELTR_UTSW_DNF",0.0036,0.006325,0.002725,62.491975,NA,NA,NA,NA,"ELTR","UTSW","DNF","GRASS","10"
"ELTR_UTSW_DNF.46","H2","ELTR_UTSW_DNF",0.004725,0.01215,0.007425,199.6568,0.0194238368202601,0.0715988754695397,0.046629938226641,0.082968696002511,"ELTR","UTSW","DNF","GRASS","24"
"ELTR_UTSW_DNF.47","H3","ELTR_UTSW_DNF",0.03585,0.04955,0.0137,305.2027,0.112582000338885,0.034030174896962,0.0780918383883022,0.023576458527532,"ELTR","UTSW","DNF","GRASS","42"
"ELTR_UTSW_DNF.48","H4","ELTR_UTSW_DNF",1.24393333333333,1.96483333333333,0.7209,8748.00183333333,0.084445002720224,0.0943596332994394,0.0876233438640018,0.0798953439366488,"ELTR","UTSW","DNF","GRASS","84"
"ELTR_UTSW_SP.49","H1","ELTR_UTSW_SP",0.000221475,0.00048785,0.000266375,14.3055,NA,NA,NA,NA,"ELTR","UTSW","SP","GRASS","10"
"ELTR_UTSW_SP.50","H2","ELTR_UTSW_SP",0.0009073,0.00152875,0.00062145,44.4088,0.100725959991249,0.0605107404837671,0.0815855503891017,0.080913826378055,"ELTR","UTSW","SP","GRASS","24"
"ELTR_UTSW_SP.51","H3","ELTR_UTSW_SP",0.0027,0.00363333333333333,0.000933333333333333,56.9919333333333,0.0605852164342687,0.0225948305724258,0.0480944495859857,0.0138595605196688,"ELTR","UTSW","SP","GRASS","42"
"ELTR_UTSW_SP.52","H4","ELTR_UTSW_SP",0.441266666666667,0.588,0.146733333333333,2736.95536666667,0.12134280014301,0.12041927980741,0.121108963031706,0.0921831348610344,"ELTR","UTSW","SP","GRASS","84"
"HEAN_AZSE_HWD.53","H1","HEAN_AZSE_HWD",0.00353,0.00416406666666667,0.000634066666666667,6.57443333333333,NA,NA,NA,NA,"HEAN","AZSE","HWD","FORB","10"
"HEAN_AZSE_HWD.54","H2","HEAN_AZSE_HWD",0.0014,0.001820425,0.000420425,7.683875,-0.0660589738802851,-0.0293491426408115,-0.0591015836114019,0.0111382562785495,"HEAN","AZSE","HWD","FORB","24"
"HEAN_AZSE_HWD.55","H3","HEAN_AZSE_HWD",0.00985,0.0123,0.00245,37.3273,0.10838884547571,0.09792095550722,0.106140515114827,0.0878111658455149,"HEAN","AZSE","HWD","FORB","42"
"HEAN_AZSE_HWD.56","H4","HEAN_AZSE_HWD",2.8069,3.67275,0.86585,12870.48425,0.134580107031444,0.139705325210512,0.135692778973147,0.139118261040968,"HEAN","AZSE","HWD","FORB","84"
"HEAN_UTEC_CI.57","H1","HEAN_UTEC_CI",0.0026635,0.0037635,0.0011,11.970725,NA,NA,NA,NA,"HEAN","UTEC","CI","FORB","10"
"HEAN_UTEC_CI.58","H2","HEAN_UTEC_CI",0.0061,0.00895,0.00285,72.64575,0.0591891231288821,0.0680006296054453,0.061878868342451,0.12879505734476,"HEAN","UTEC","CI","FORB","24"
"HEAN_UTEC_CI.59","H3","HEAN_UTEC_CI",0.0265666666666667,0.0318333333333333,0.00526666666666667,169.980866666667,0.0817426958860441,0.0341154809491251,0.0704922459184339,0.0472272773915168,"HEAN","UTEC","CI","FORB","42"
"HEAN_UTEC_CI.60","H4","HEAN_UTEC_CI",3.76043333333333,3.76043333333333,NA,NA,0.117919813829578,NA,0.113613702836946,NA,"HEAN","UTEC","CI","FORB","84"
"HEAN_UTEC_ONWR.61","H1","HEAN_UTEC_ONWR",0.003125,0.0041,0.000975,18.7837,NA,NA,NA,NA,"HEAN","UTEC","ONWR","FORB","10"
"HEAN_UTEC_ONWR.62","H2","HEAN_UTEC_ONWR",0.018525,0.0245,0.005975,151.92565,0.127120491999556,0.129492993271562,0.127691867417173,0.149314413140011,"HEAN","UTEC","ONWR","FORB","24"
"HEAN_UTEC_ONWR.63","H3","HEAN_UTEC_ONWR",0.0807333333333333,0.0996,0.0188666666666667,441.545733333333,0.0817794650704851,0.0638784777068585,0.0779160581688817,0.0592716858055096,"HEAN","UTEC","ONWR","FORB","42"
"HEAN_UTEC_ONWR.64","H4","HEAN_UTEC_ONWR",3.36506666666667,4.05003333333333,0.684966666666667,10777.7333333333,0.0888107502671359,0.0855231780651592,0.0882218625221152,0.0760703798926468,"HEAN","UTEC","ONWR","FORB","84"
"HEAN_UTSE_VNS.65","H1","HEAN_UTSE_VNS",0.003,0.0036,6e-04,13.1578,NA,NA,NA,NA,"HEAN","UTSE","VNS","FORB","10"
"HEAN_UTSE_VNS.66","H2","HEAN_UTSE_VNS",0.00933333333333333,0.0145666666666667,0.00523333333333333,105.795933333333,0.0810699952027847,0.154705289103725,0.0998429977122408,0.148892667336607,"HEAN","UTSE","VNS","FORB","24"
"HEAN_UTSE_VNS.67","H3","HEAN_UTSE_VNS",0.0587666666666667,0.0696333333333333,0.0108666666666667,273.896266666667,0.10222125440159,0.0405917542232444,0.0869170870256097,0.0528465202508372,"HEAN","UTSE","VNS","FORB","42"
"HECO_AZNC_KV.68","H1","HECO_AZNC_KV",0.003125,0.005425,0.0023,16.640875,NA,NA,NA,NA,"HECO","AZNC","KV","GRASS","10"
"HECO_AZNC_KV.69","H2","HECO_AZNC_KV",0.017125,0.026625,0.0095,135.432225,0.121507507211423,0.101313048262242,0.113630908900219,0.149757808038481,"HECO","AZNC","KV","GRASS","24"
"HECO_AZNC_KV.70","H3","HECO_AZNC_KV",0.0218666666666667,0.0327666666666667,0.0109,400.510833333333,0.0135791123963136,0.00763727725714459,0.0115311730253012,0.0602371936100055,"HECO","AZNC","KV","GRASS","42"
"HECO_AZNC_KV.71","H4","HECO_AZNC_KV",1.3476,1.8306,0.483,5696.0604,0.0981218358154872,0.090267949152797,0.0957854124396588,0.063209267650099,"HECO","AZNC","KV","GRASS","84"
"HECO_UTC_KRRS.72","H1","HECO_UTC_KRRS",0.004275,0.00935,0.005075,53.580925,NA,NA,NA,NA,"HECO","UTC","KRRS","GRASS","10"
"HECO_UTC_KRRS.73","H2","HECO_UTC_KRRS",0.0141,0.01995,0.00585,105.734625,0.0852421924996714,0.0101510811654225,0.0541323428596626,0.0485528063866728,"HECO","UTC","KRRS","GRASS","24"
"HECO_UTC_KRRS.74","H3","HECO_UTC_KRRS",0.0376666666666667,0.058,0.0203333333333333,301.022366666667,0.0545889295922282,0.0692122174589687,0.0592896592894748,0.0581251195869755,"HECO","UTC","KRRS","GRASS","42"
"HECO_UTC_KRRS.75","H4","HECO_UTC_KRRS",0.459975,0.7904,0.330425,3663.395,0.059580871669903,0.0663837649794921,0.0621927651401723,0.0594990719576667,"HECO","UTC","KRRS","GRASS","84"
"HECO_UTC_TMR.76","H1","HECO_UTC_TMR",0.002525,0.00385,0.001325,26.058025,NA,NA,NA,NA,"HECO","UTC","TMR","GRASS","10"
"HECO_UTC_TMR.77","H2","HECO_UTC_TMR",0.01115,0.017575,0.006425,107.79155,0.106085602512772,0.112770297953078,0.108457449242645,0.101419534808872,"HECO","UTC","TMR","GRASS","24"
"HECO_UTC_TMR.78","H3","HECO_UTC_TMR",0.0221666666666667,0.0304666666666667,0.0083,177.157866666667,0.0381750089493095,0.0142254935567372,0.030564208449737,0.0276023315352408,"HECO","UTC","TMR","GRASS","42"
"HECO_UTC_TMR.79","H4","HECO_UTC_TMR",0.513166666666667,0.6792,0.166033333333333,2671.82476666667,0.0748097861833987,0.0713317394430613,0.0739114867905986,0.0646065646197995,"HECO","UTC","TMR","GRASS","84"
"HECO_UTEC_GRC.80","H1","HECO_UTEC_GRC",0.0038,0.005725,0.001925,30.647575,NA,NA,NA,NA,"HECO","UTEC","GRC","GRASS","10"
"HECO_UTEC_GRC.81","H2","HECO_UTEC_GRC",0.01485,0.0206,0.00575,88.760075,0.0973570570368835,0.0781624205049651,0.0914606090253737,0.0759559573481121,"HECO","UTEC","GRC","GRASS","24"
"HECO_UTEC_GRC.82","H3","HECO_UTEC_GRC",0.0599,0.0826333333333333,0.0227333333333333,272.428066666667,0.077482035548483,0.0763684678540026,0.0771734485876389,0.062302092260067,"HECO","UTEC","GRC","GRASS","42"
"HECO_UTEC_GRC.83","H4","HECO_UTEC_GRC",0.549666666666667,0.778766666666667,0.2291,5444.93235,0.0527770363992878,0.0550077693637653,0.053411864793304,0.0713110954125476,"HECO","UTEC","GRC","GRASS","84"
"HECO_UTSW_SPR.84","H1","HECO_UTSW_SPR",0.004475,0.007025,0.00255,28.544625,NA,NA,NA,NA,"HECO","UTSW","SPR","GRASS","10"
"HECO_UTSW_SPR.85","H2","HECO_UTSW_SPR",0.009175,0.01755,0.008375,128.398275,0.0512840030152725,0.0849398370386282,0.0653984810494332,0.107404878886294,"HECO","UTSW","SPR","GRASS","24"
"HECO_UTSW_SPR.86","H3","HECO_UTSW_SPR",0.0357,0.0523666666666667,0.0166666666666667,230.0318,0.075481571935831,0.0382310910582726,0.0607342392600884,0.0323933668694128,"HECO","UTSW","SPR","GRASS","42"
"HECO_UTSW_SPR.87","H4","HECO_UTSW_SPR",0.3236,0.4705,0.1469,1229.12643333333,0.0524847022952082,0.0518176515814237,0.0522744214864755,0.0399009861667919,"HECO","UTSW","SPR","GRASS","84"
"HEVI_AZNC_KV.88","H1","HEVI_AZNC_KV",0.00037,0.000488333333333333,0.000118333333333333,2.65973333333333,NA,NA,NA,NA,"HEVI","AZNC","KV","FORB","10"
"HEVI_AZNC_KV.89","H2","HEVI_AZNC_KV",0.00149666666666667,0.00395733333333333,0.00246066666666667,21.0109,0.0998209061735657,0.216763006722466,0.149451960282571,0.147629677395874,"HEVI","AZNC","KV","FORB","24"
"HEVI_AZNC_KV.90","H3","HEVI_AZNC_KV",0.0039,0.00493333333333333,0.00103333333333333,36.9450666666667,0.053207563336086,-0.0482023607287059,0.0122469163525025,0.031355043002182,"HEVI","AZNC","KV","FORB","42"
"HEVI_AZNC_KV.91","H4","HEVI_AZNC_KV",0.0982,0.132433333333333,0.0342333333333333,517.518833333333,0.0768102300529719,0.0833430953677003,0.0783348686202496,0.0628479474444963,"HEVI","AZNC","KV","FORB","84"
"HEVI_COSW_DE.92","H1","HEVI_COSW_DE",0.000276666666666667,0.000395333333333333,0.000118666666666667,4.03973333333333,NA,NA,NA,NA,"HEVI","COSW","DE","FORB","10"
"HEVI_COSW_DE.93","H2","HEVI_COSW_DE",0.00045675,0.000938,0.00048125,16.045675,0.0358087702239701,0.100004888815577,0.0617157612940474,0.0985186185473928,"HEVI","COSW","DE","FORB","24"
"HEVI_COSW_DE.94","H3","HEVI_COSW_DE",0.005155,0.029705,0.02455,62.2424,0.134643677844052,0.218448902645593,0.191962261765756,0.0753109498155915,"HEVI","COSW","DE","FORB","42"
"HEVI_COSW_DE.95","H4","HEVI_COSW_DE",0.0819666666666667,0.0989,0.0169333333333333,262.985166666667,0.0658653700734551,-0.00884351876962389,0.0286379489719277,0.0343109807271955,"HEVI","COSW","DE","FORB","84"
"HEVI_NMNW_NC.96","H1","HEVI_NMNW_NC",0.000803666666666667,0.000906666666666667,0.000103,3.65303333333333,NA,NA,NA,NA,"HEVI","NMNW","NC","FORB","10"
"HEVI_NMNW_NC.97","H2","HEVI_NMNW_NC",0.0014275,0.00213825,0.00071075,20.9728,0.041035382286936,0.137970840164391,0.061283438988497,0.124833463385045,"HEVI","NMNW","NC","FORB","24"
"HEVI_NMNW_NC.98","H3","HEVI_NMNW_NC",0.00318,0.00462,0.00144,31.00262,0.044497585235781,0.0392265356688298,0.0428003870897163,0.0217136309422549,"HEVI","NMNW","NC","FORB","42"
"HEVI_NMNW_NC.99","H4","HEVI_NMNW_NC",0.1216,0.148975,0.027375,383.29075,0.0867584707795234,0.0701187398702085,0.0826996143223666,0.0598743362504562,"HEVI","NMNW","NC","FORB","84"
"HEVI_NMNW_ND.100","H1","HEVI_NMNW_ND",0.00049625,0.00074225,0.000246,6.671875,NA,NA,NA,NA,"HEVI","NMNW","ND","FORB","10"
"HEVI_NMNW_ND.101","H2","HEVI_NMNW_ND",0.00096,0.00174675,0.00078675,24.152725,0.047132389461463,0.0830413571437253,0.0611304345563351,0.0918925914502143,"HEVI","NMNW","ND","FORB","24"
"HEVI_NMNW_ND.102","H3","HEVI_NMNW_ND",0.00255,0.0041,0.00155,33.86335,0.0542730752050328,0.0376722041093765,0.0474016697366577,0.0187742276909831,"HEVI","NMNW","ND","FORB","42"
"HEVI_NMNW_ND.103","H4","HEVI_NMNW_ND",0.18665,0.24795,0.0613,813.727125,0.10221766300453,0.0875601169526431,0.0976723842672591,0.0756974231885462,"HEVI","NMNW","ND","FORB","84"
"MACA_NMNW_CU.104","H1","MACA_NMNW_CU",0.00081715,0.00088613,6.898e-05,2.04615,NA,NA,NA,NA,"MACA","NMNW","CU","FORB","10"
"MACA_NMNW_CU.105","H2","MACA_NMNW_CU",0.001275,0.001875,6e-04,18.110725,0.0317770557895329,0.154508074836247,0.05353573369289,0.15575316611427,"MACA","NMNW","CU","FORB","24"
"MACA_NMNW_CU.106","H3","MACA_NMNW_CU",0.00441666666666667,0.00711666666666667,0.0027,78.8304666666667,0.0690243936196518,0.0835598553764597,0.0741017106435639,0.0817108472634143,"MACA","NMNW","CU","FORB","42"
"MACA_NMNW_CU.107","H4","MACA_NMNW_CU",0.449033333333333,0.718866666666667,0.269833333333333,2582.57366666667,0.110040758577912,0.109632207415221,0.109886582066032,0.0830771945464611,"MACA","NMNW","CU","FORB","84"
"MACA_NMNW_FC.108","H1","MACA_NMNW_FC",0.00051614,0.00059508,7.894e-05,2.89944,NA,NA,NA,NA,"MACA","NMNW","FC","FORB","10"
"MACA_NMNW_FC.109","H2","MACA_NMNW_FC",0.00241666666666667,0.00326666666666667,0.00085,26.4464666666667,0.110269029476401,0.169753448517833,0.121630680407251,0.15790035350732,"MACA","NMNW","FC","FORB","24"
"MACA_NMNW_FC.110","H3","MACA_NMNW_FC",0.0195666666666667,0.0315,0.0119333333333333,278.765066666667,0.116191014331526,0.146769696346462,0.125900969379065,0.130847044896444,"MACA","NMNW","FC","FORB","42"
"MACA_NMNW_FC.111","H4","MACA_NMNW_FC",0.531066666666667,0.810333333333333,0.279266666666667,2611.7131,0.07859666963032,0.07506741702634,0.0773204319003911,0.0532712445958124,"MACA","NMNW","FC","FORB","84"
"MACA_UTC_MK.112","H1","MACA_UTC_MK",0.00056025,0.000927925,0.000367675,5.996625,NA,NA,NA,NA,"MACA","UTC","MK","FORB","10"
"MACA_UTC_MK.113","H2","MACA_UTC_MK",0.0016,0.00245225,0.00085225,22.840075,0.0749554139676311,0.0600486082308311,0.0694150242064121,0.0955228469664017,"MACA","UTC","MK","FORB","24"
"MACA_UTC_MK.114","H3","MACA_UTC_MK",0.0126666666666667,0.0147333333333333,0.00206666666666667,35.7409,0.114942791211808,0.04921179840817,0.0996170294418475,0.0248766123771153,"MACA","UTC","MK","FORB","42"
"MACA_UTC_MK.115","H4","MACA_UTC_MK",0.0366433333333333,0.0921766666666667,0.0555333333333333,642.2569,0.0252918485681997,0.0783582485162309,0.0436570125021185,0.0687783973364037,"MACA","UTC","MK","FORB","84"
"MACA_UTNE_BON.116","H1","MACA_UTNE_BON",0.00900565,0.00921045,0.0002048,2.62225,NA,NA,NA,NA,"MACA","UTNE","BON","FORB","10"
"MACA_UTNE_BON.117","H2","MACA_UTNE_BON",0.0009375,0.0012399,0.0003024,7.78015,-0.161599334234395,0.0278369107957161,-0.143236284128914,0.077681635025037,"MACA","UTNE","BON","FORB","24"
"MACA_UTNE_BON.118","H3","MACA_UTNE_BON",0.00606666666666667,0.00746666666666667,0.0014,22.6401,0.103741545919567,0.0851376039609985,0.099745441054957,0.0593415028931258,"MACA","UTNE","BON","FORB","42"
"MACA_UTNE_BON.119","H4","MACA_UTNE_BON",0.409066666666667,0.5614,0.152333333333333,1639.88466666667,0.100263543726911,0.111657115847735,0.102856785565117,0.101968060067993,"MACA","UTNE","BON","FORB","84"
"MACA_UTSE_CSR.120","H1","MACA_UTSE_CSR",0.00051405,0.00059455,8.05e-05,2.216475,NA,NA,NA,NA,"MACA","UTSE","CSR","FORB","10"
"MACA_UTSE_CSR.121","H2","MACA_UTSE_CSR",0.004375,0.006275,0.0019,60.7819,0.152952947271642,0.22581085576643,0.168323139079743,0.236526710799087,"MACA","UTSE","CSR","FORB","24"
"MACA_UTSE_CSR.122","H3","MACA_UTSE_CSR",0.03715,0.048625,0.011475,354.628966666667,0.118836513964122,0.0999064927652341,0.113753573162265,0.0979877795171128,"MACA","UTSE","CSR","FORB","42"
"MACA_UTSE_CSR.123","H4","MACA_UTSE_CSR",0.305033333333333,0.435266666666667,0.130233333333333,2169.5849,0.0501299354545108,0.0578370704153882,0.0521862159082336,0.043124263317203,"MACA","UTSE","CSR","FORB","84"
"MACA_UTSW_BJ.124","H1","MACA_UTSW_BJ",0.0003333,0.000510233333333333,0.000176933333333333,3.2342,NA,NA,NA,NA,"MACA","UTSW","BJ","FORB","10"
"MACA_UTSW_BJ.125","H2","MACA_UTSW_BJ",0.00388333333333333,0.00495,0.00106666666666667,25.0683666666667,0.175386156072289,0.128322913309269,0.162305337009513,0.146273225498236,"MACA","UTSW","BJ","FORB","24"
"MACA_UTSW_BJ.126","H3","MACA_UTSW_BJ",0.048,0.06915,0.02115,454.7175,0.139694839975794,0.165950076908595,0.146493915640565,0.161003865992656,"MACA","UTSW","BJ","FORB","42"
"MACA_UTSW_BJ.127","H4","MACA_UTSW_BJ",1.0052,1.23116666666667,0.225966666666667,3753.42696666667,0.0724223998752749,0.056398752149441,0.0685580821473789,0.0502559098196102,"MACA","UTSW","BJ","FORB","84"
"MUPO_AZSE_BRR.128","H1","MUPO_AZSE_BRR",0.00028175,0.00040225,0.0001205,2.406075,NA,NA,NA,NA,"MUPO","AZSE","BRR","GRASS","10"
"MUPO_AZSE_BRR.129","H2","MUPO_AZSE_BRR",0.00166133333333333,0.00264883333333333,0.0009875,29.8253,0.126739687062807,0.150251910274612,0.134628627471162,0.179811445533752,"MUPO","AZSE","BRR","GRASS","24"
"MUPO_AZSE_BRR.130","H3","MUPO_AZSE_BRR",0.0216333333333333,0.0424333333333333,0.0208,195.0218,0.142589713456938,0.16930732049523,0.154100829189368,0.104319684476553,"MUPO","AZSE","BRR","GRASS","42"
"MUPO_AZSE_BRR.131","H4","MUPO_AZSE_BRR",0.800993333333333,1.20459333333333,0.4036,2631.0484,0.0859908878348123,0.0706064595660043,0.0796657878418684,0.0619530078507442,"MUPO","AZSE","BRR","GRASS","84"
"MUPO_AZSE_MRR.132","H1","MUPO_AZSE_MRR",0.000304125,0.000447875,0.00014375,4.02935,NA,NA,NA,NA,"MUPO","AZSE","MRR","GRASS","10"
"MUPO_AZSE_MRR.133","H2","MUPO_AZSE_MRR",0.000685,0.00094525,0.00026025,9.828325,0.0579985740827528,0.0423976448441156,0.0533525190818518,0.0636902464477081,"MUPO","AZSE","MRR","GRASS","24"
"MUPO_AZSE_MRR.134","H3","MUPO_AZSE_MRR",0.006,0.0102333333333333,0.00423333333333333,93.2803666666667,0.120560883885998,0.154950126460194,0.132330900118674,0.125018951695379,"MUPO","AZSE","MRR","GRASS","42"
"MUPO_AZSE_MRR.135","H4","MUPO_AZSE_MRR",0.696533333333333,1.1272,0.430666666666667,3316.35413333333,0.113198956694904,0.110055825973286,0.111948609396653,0.0850240869637297,"MUPO","AZSE","MRR","GRASS","84"
"MUPO_AZSE_SIT.136","H1","MUPO_AZSE_SIT",0.000156125,0.000372,0.000215875,3.190675,NA,NA,NA,NA,"MUPO","AZSE","SIT","GRASS","10"
"MUPO_AZSE_SIT.137","H2","MUPO_AZSE_SIT",0.000561875,0.000700375,0.0001385,11.102925,0.0914730311985816,-0.0317020864885321,0.0451944322580216,0.0890697209970883,"MUPO","AZSE","SIT","GRASS","24"
"MUPO_AZSE_SIT.138","H3","MUPO_AZSE_SIT",0.0017,0.003075,0.001375,23.0180666666667,0.0615057847121346,0.127518815804071,0.0821913485752872,0.0405039348726643,"MUPO","AZSE","SIT","GRASS","42"
"MUPO_AZSE_SIT.139","H4","MUPO_AZSE_SIT",0.18242,0.277986666666667,0.0955666666666667,1172.05453333333,0.111325796897377,0.100985008407207,0.107244482134554,0.0935770020089568,"MUPO","AZSE","SIT","GRASS","84"
"PAMU_AZNC_WMR.140","H1","PAMU_AZNC_WMR",0.00019,0.00044,0.00025,5.641675,NA,NA,NA,NA,"PAMU","AZNC","WMR","FORB","10"
"PAMU_AZNC_WMR.141","H2","PAMU_AZNC_WMR",0.00012375,0.000322625,0.000198875,12.67845,-0.0306257621936918,-0.0163417450860212,-0.0221631477766806,0.0578373353253962,"PAMU","AZNC","WMR","FORB","24"
"PAMU_AZNC_WMR.142","H3","PAMU_AZNC_WMR",0.00313333333333333,0.0038,0.000666666666666667,24.6155333333333,0.17953273767451,0.0672007602342235,0.137014760426428,0.0368596654550607,"PAMU","AZNC","WMR","FORB","42"
"PAMU_AZNC_WMR.143","H4","PAMU_AZNC_WMR",0.8529,1.11536666666667,0.262466666666667,3991.12326666667,0.133489164445648,0.142275933284516,0.135284224098364,0.12115357882742,"PAMU","AZNC","WMR","FORB","84"
"PAMU_UTC_WR.144","H1","PAMU_UTC_WR",0.000483333333333333,0.000531666666666667,4.83333333333333e-05,5.48303333333333,NA,NA,NA,NA,"PAMU","UTC","WR","FORB","10"
"PAMU_UTC_WR.145","H2","PAMU_UTC_WR",0.00109075,0.00148025,0.0003895,19.771875,0.0581367332326578,0.149053029397024,0.0731392532043608,0.0916144283966255,"PAMU","UTC","WR","FORB","24"
"PAMU_UTC_WR.146","H3","PAMU_UTC_WR",0.0011,0.00265,0.00155,57.0129,0.000469147043485712,0.0767303524779161,0.0323527026426879,0.0588342824814087,"PAMU","UTC","WR","FORB","42"
"PAMU_UTC_WR.147","H4","PAMU_UTC_WR",0.1706,0.27245,0.10185,2279.0204,0.120095510839363,0.0996487193271824,0.110307035024547,0.0878148433924186,"PAMU","UTC","WR","FORB","84"
"PAMU_UTEC_MC.148","H1","PAMU_UTEC_MC",0.002225,0.00305,0.000825,6.3205,NA,NA,NA,NA,"PAMU","UTEC","MC","FORB","10"
"PAMU_UTEC_MC.149","H2","PAMU_UTEC_MC",0.00144033333333333,0.00168783333333333,0.0002475,11.9334833333333,-0.0310630248097512,-0.0859980574518526,-0.0422639953926591,0.045396418252748,"PAMU","UTEC","MC","FORB","24"
"PAMU_UTEC_MC.150","H3","PAMU_UTEC_MC",0.001475,0.0022,0.000725,28.8877,0.00132130119500539,0.0597089484914405,0.0147228725134543,0.0491148735830202,"PAMU","UTEC","MC","FORB","42"
"PAMU_UTEC_MC.151","H4","PAMU_UTEC_MC",0.3501,0.48845,0.13835,1934.7313,0.13022763900402,0.125032626913343,0.12863761313654,0.100102567471098,"PAMU","UTEC","MC","FORB","84"
"PAMU_UTSE_MO.152","H1","PAMU_UTSE_MO",0.00185,0.0033,0.00145,8.38085,NA,NA,NA,NA,"PAMU","UTSE","MO","FORB","10"
"PAMU_UTSE_MO.153","H2","PAMU_UTSE_MO",0.000525,0.0010535,0.0005285,15.803775,-0.0899673325343391,-0.072091145007452,-0.0815574653007377,0.0453071067296232,"PAMU","UTSE","MO","FORB","24"
"PAMU_UTSE_MO.154","H3","PAMU_UTSE_MO",0.0165,0.01785,0.00135,32.7778,0.191539855405392,0.0521009481178991,0.157215864109086,0.0405279234124291,"PAMU","UTSE","MO","FORB","42"
"PAMU_UTSE_MO.155","H4","PAMU_UTSE_MO",0.4357,0.57155,0.13585,2274.85585,0.077942703624211,0.109796351033858,0.0825321061963367,0.100950488327874,"PAMU","UTSE","MO","FORB","84"
"PAMU_UTSW_CP.156","H1","PAMU_UTSW_CP",0.0009715,0.001096,0.0001245,4.72115,NA,NA,NA,NA,"PAMU","UTSW","CP","FORB","10"
"PAMU_UTSW_CP.157","H2","PAMU_UTSW_CP",0.001445,0.0019115,0.0004665,16.18885,0.028358809409217,0.0943537360273311,0.0397300775448933,0.0880193085483497,"PAMU","UTSW","CP","FORB","24"
"PAMU_UTSW_CP.158","H3","PAMU_UTSW_CP",0.00223333333333333,0.00333333333333333,0.0011,49.7811333333333,0.0241881064535786,0.0476559688055036,0.0308935850095336,0.0624062961030717,"PAMU","UTSW","CP","FORB","42"
"PAMU_UTSW_CP.159","H4","PAMU_UTSW_CP",0.294433333333333,0.427066666666667,0.132633333333333,1304.22833333333,0.116227556365575,0.114101863070487,0.115546841065261,0.0777554944258673,"PAMU","UTSW","CP","FORB","84"
"PLPA_AZC_TC.160","H1","PLPA_AZC_TC",0.0011,0.001875,0.000775,24.319175,NA,NA,NA,NA,"PLPA","AZC","TC","FORB","10"
"PLPA_AZC_TC.161","H2","PLPA_AZC_TC",0.00615,0.00735,0.0012,80.02535,0.122938707286722,0.0312295576016246,0.0975779752715979,0.085077023261028,"PLPA","AZC","TC","FORB","24"
"PLPA_AZC_TC.162","H3","PLPA_AZC_TC",0.0494,0.0609,0.0115,263.521166666667,0.115749907909747,0.125556971031958,0.117474047860617,0.066210568565632,"PLPA","AZC","TC","FORB","42"
"PLPA_AZC_TC.163","H4","PLPA_AZC_TC",0.940233333333333,1.1182,0.26695,7732.0994,0.0701470868385075,0.0748741509423093,0.0692914846161117,0.0804524286249852,"PLPA","AZC","TC","FORB","84"
"PLPA_AZNE_HB.164","H1","PLPA_AZNE_HB",6e-04,0.00145,0.00085,10.184925,NA,NA,NA,NA,"PLPA","AZNE","HB","FORB","10"
"PLPA_AZNE_HB.165","H2","PLPA_AZNE_HB",0.00635,0.007025,0.000675,22.329275,0.168520031190756,-0.0164659756151309,0.112707975627666,0.0560707079936508,"PLPA","AZNE","HB","FORB","24"
"PLPA_AZNE_HB.166","H3","PLPA_AZNE_HB",0.0351,0.0392333333333333,0.00413333333333333,174.7321,0.0949859065315122,0.100673709558472,0.0955584172432395,0.114297519223839,"PLPA","AZNE","HB","FORB","42"
"PLPA_AZNE_HB.167","H4","PLPA_AZNE_HB",0.3163,0.376,0.0597,2263.4501,0.0523449999961853,0.0635773294394208,0.0538110099474232,0.0609855137453962,"PLPA","AZNE","HB","FORB","84"
"PLPA_COSW_UP.168","H1","PLPA_COSW_UP",0.0007625,0.0012975,0.000535,12.879675,NA,NA,NA,NA,"PLPA","COSW","UP","FORB","10"
"PLPA_COSW_UP.169","H2","PLPA_COSW_UP",0.008,0.00865,0.00065,26.505575,0.167899593727172,0.0139075439995483,0.135508570348992,0.0515503286275612,"PLPA","COSW","UP","FORB","24"
"PLPA_COSW_UP.170","H3","PLPA_COSW_UP",0.0573333333333333,0.0651666666666667,0.00783333333333333,251.195033333333,0.109413369248084,0.138287280476359,0.11218826498964,0.124937476356218,"PLPA","COSW","UP","FORB","42"
"PLPA_COSW_UP.171","H4","PLPA_COSW_UP",0.527666666666667,0.616966666666667,0.0893,3191.5153,0.0528472043587514,0.0579431751285821,0.0535206406389822,0.0605243199055302,"PLPA","COSW","UP","FORB","84"
"PLPA_UTNE_BWR.172","H1","PLPA_UTNE_BWR",0.00079,0.0011725,0.0003825,10.069625,NA,NA,NA,NA,"PLPA","UTNE","BWR","FORB","10"
"PLPA_UTNE_BWR.173","H2","PLPA_UTNE_BWR",0.004225,0.00471925,0.00049425,18.2606,0.119767256737872,0.0183080577702954,0.0994651190948863,0.0425158761873001,"PLPA","UTNE","BWR","FORB","24"
"PLPA_UTNE_BWR.174","H3","PLPA_UTNE_BWR",0.0170666666666667,0.0201333333333333,0.00306666666666667,126.360966666667,0.077561554587123,0.101405834017683,0.080595940422553,0.10746649403724,"PLPA","UTNE","BWR","FORB","42"
"PLPA_UTNE_BWR.175","H4","PLPA_UTNE_BWR",0.243433333333333,0.295366666666667,0.0779,3008.38095,0.0632789494423953,0.077019875178329,0.0639485882407735,0.0754765403966116,"PLPA","UTNE","BWR","FORB","84"
"PLPA_UTSC_BTR.176","H1","PLPA_UTSC_BTR",0.00054935,0.000894275,0.000344925,12.657025,NA,NA,NA,NA,"PLPA","UTSC","BTR","FORB","10"
"PLPA_UTSC_BTR.177","H2","PLPA_UTSC_BTR",0.00238975,0.002699975,0.000310225,12.348725,0.105014876842642,-0.00757351153095818,0.0789274613252789,-0.00176139843727596,"PLPA","UTSC","BTR","FORB","24"
"PLPA_UTSC_BTR.178","H3","PLPA_UTSC_BTR",0.0308333333333333,0.0351396666666667,0.00430633333333333,217.093766666667,0.142078199882696,0.146141346979528,0.142560449063319,0.159265363654823,"PLPA","UTSC","BTR","FORB","42"
"PLPA_UTSC_BTR.179","H4","PLPA_UTSC_BTR",0.4558,0.52945,0.1473,4131.3328,0.0641299466895551,0.0841043932418698,0.0645835270244896,0.0701434757403407,"PLPA","UTSC","BTR","FORB","84"
"PLPA_UTSW_HR.180","H1","PLPA_UTSW_HR",0.0003084,0.00056215,0.00025375,9.4179,NA,NA,NA,NA,"PLPA","UTSW","HR","FORB","10"
"PLPA_UTSW_HR.181","H2","PLPA_UTSW_HR",0.0017,0.00226375,0.00056375,13.96345,0.121927563453938,0.0570186686043493,0.0995006636429896,0.0281307905480412,"PLPA","UTSW","HR","FORB","24"
"PLPA_UTSW_HR.182","H3","PLPA_UTSW_HR",0.00586666666666667,0.00646666666666667,6e-04,27.8301666666667,0.0688143534618792,0.0034621535777366,0.0583132248436492,0.0383154090438368,"PLPA","UTSW","HR","FORB","42"
"PLPA_UTSW_HR.183","H4","PLPA_UTSW_HR",0.0735666666666667,0.0771,0.0053,306.739566666667,0.0602120336004425,0.051869820102954,0.0590105357897169,0.0571399644346416,"PLPA","UTSW","HR","FORB","84"
"VUOC_AZSW_WB.184","H1","VUOC_AZSW_WB",0.0001814,0.0004084,0.000227,16.483275,NA,NA,NA,NA,"VUOC","AZSW","WB","GRASS","10"
"VUOC_AZSW_WB.185","H2","VUOC_AZSW_WB",0.002425,0.003175,0.00075,39.3137,0.185205876120753,0.0853659420749253,0.146486844645449,0.0620876305836387,"VUOC","AZSW","WB","GRASS","24"
"VUOC_AZSW_WB.186","H3","VUOC_AZSW_WB",0.0572,0.0796666666666667,0.0224666666666667,717.390966666667,0.175595687444239,0.188873044538996,0.179030201717708,0.161335995256403,"VUOC","AZSW","WB","GRASS","42"
"VUOC_AZSW_WB.187","H4","VUOC_AZSW_WB",3.04686666666667,3.82766666666667,0.7808,33293.9874333333,0.094650360017952,0.0844830072821126,0.0921942716153495,0.0913693125918133,"VUOC","AZSW","WB","GRASS","84"
"VUOC_UTC_GRC.188","H1","VUOC_UTC_GRC",0.000203475,0.000351575,0.0001481,11.166675,NA,NA,NA,NA,"VUOC","UTC","GRC","GRASS","10"
"VUOC_UTC_GRC.189","H2","VUOC_UTC_GRC",0.002043375,0.002705375,0.000662,49.554275,0.164772498882733,0.106955559618804,0.145755196719884,0.106438188365107,"VUOC","UTC","GRC","GRASS","24"
"VUOC_UTC_GRC.190","H3","VUOC_UTC_GRC",0.00726666666666667,0.0104,0.00313333333333333,220.2392,0.0704830460298721,0.0863659513140543,0.0748091817385984,0.0828692052713304,"VUOC","UTC","GRC","GRASS","42"
"VUOC_UTC_GRC.191","H4","VUOC_UTC_GRC",0.79605,1.17975,0.3837,34321.10055,0.111818198019407,0.114470561824882,0.112648857725218,0.120209556951636,"VUOC","UTC","GRC","GRASS","84"
"VUOC_UTSE_IM.192","H1","VUOC_UTSE_IM",0.000227075,0.00046305,0.000235975,14.752525,NA,NA,NA,NA,"VUOC","UTSE","IM","GRASS","10"
"VUOC_UTSE_IM.193","H2","VUOC_UTSE_IM",0.00365,0.005175,0.001525,101.310375,0.198371577656304,0.133287415845036,0.172411398465521,0.137626754999512,"VUOC","UTSE","IM","GRASS","24"
"VUOC_UTSE_IM.194","H3","VUOC_UTSE_IM",0.017925,0.024375,0.00645,284.169625,0.0884149566050713,0.0801158733749059,0.0860954820962488,0.0572990281346448,"VUOC","UTSE","IM","GRASS","42"
"VUOC_UTSE_IM.195","H4","VUOC_UTSE_IM",1.4798,1.9477,0.70185,31957.23375,0.105082519904899,0.111658085123158,0.104305867889332,0.112442440753269,"VUOC","UTSE","IM","GRASS","84"
"VUOC_UTSE_LM.196","H1","VUOC_UTSE_LM",0.00014135,0.00032845,0.0001871,12.00245,NA,NA,NA,NA,"VUOC","UTSE","LM","GRASS","10"
"VUOC_UTSE_LM.197","H2","VUOC_UTSE_LM",0.00098555,0.001594675,0.000609125,33.885325,0.138711484059524,0.0843128762774018,0.112860043811624,0.074133659585083,"VUOC","UTSE","LM","GRASS","24"
"VUOC_UTSE_LM.198","H3","VUOC_UTSE_LM",0.0283016666666667,0.0351159,0.00681423333333333,332.9352,0.186526450763297,0.134152518871983,0.171776892535338,0.126942547035734,"VUOC","UTSE","LM","GRASS","42"
"VUOC_UTSE_LM.199","H4","VUOC_UTSE_LM",1.03633333333333,1.17846666666667,0.142133333333333,7775.72793333333,0.0857267482300117,0.072327429102531,0.0836503670971075,0.0750193924066919,"VUOC","UTSE","LM","GRASS","84"
"VUOC_UTSW_HR.200","H1","VUOC_UTSW_HR",1e-04,0.0002345,0.0001345,9.366,NA,NA,NA,NA,"VUOC","UTSW","HR","GRASS","10"
"VUOC_UTSW_HR.201","H2","VUOC_UTSW_HR",0.001825,0.002575,0.00075,42.541525,0.207440362859179,0.122750643392033,0.171153516086536,0.108099610498662,"VUOC","UTSW","HR","GRASS","24"
"VUOC_UTSW_HR.202","H3","VUOC_UTSW_HR",0.01935,0.0232,0.00385,190.8369,0.131172912913408,0.0908752900417485,0.122127930253142,0.0833854710444082,"VUOC","UTSW","HR","GRASS","42"
"VUOC_UTSW_HR.203","H4","VUOC_UTSW_HR",0.6728,0.87995,0.20715,11113.972,0.0844941830757845,0.094889762386279,0.0865645906905704,0.0967747428083277,"VUOC","UTSW","HR","GRASS","84"
