"","Days","POP_ID","LDMC","RDMC","RMR","RTD","SLA","SRL","rel_LDMC2","rel_RDMC2","rel_RMR2","rel_RTD2","rel_SLA2","rel_SRL2","H_num","SPECIES","LOCATION_CODE","POP_CODE","GrowthForm"
"ACMI_NMNC_CM.1","10","ACMI_NMNC_CM",0.380952380952381,0.392657004830918,0.17242616057904,0.202233333333333,NA,27.4641131614823,NA,NA,NA,NA,NA,NA,"H1","ACMI","NMNC","CM","FORB"
"ACMI_NMNC_CM.52","24","ACMI_NMNC_CM",0.111029438405797,0.0771553954175905,0.365034064473247,0.0892261904761905,28.0873543766401,72.741112012987,-0.708547724184783,-0.803504344839552,1.11704571537981,-0.558795827544797,NA,1.64858768915228,"H2","ACMI","NMNC","CM","FORB"
"ACMI_NMNC_CM.103","42","ACMI_NMNC_CM",0.103881766381766,0.0768257575757576,0.204832499318002,0.0764111111111111,47.7977633477634,82.7618240054519,-0.0643763683457262,-0.00427238872989845,-0.438867439361911,-0.143624638647988,0.701753846475343,0.137758575792405,"H3","ACMI","NMNC","CM","FORB"
"ACMI_NMNC_CM.154","84","ACMI_NMNC_CM",0.139112235638474,0.0772043010752688,0.295230263157895,0.088423645320197,7.46738970588235,14.4733802228412,0.339140067442013,0.00492729927378805,0.441325298186934,0.157209259679764,-0.843771147793011,-0.825120091337187,"H4","ACMI","NMNC","CM","FORB"
"ACMI_UTNW_CCC.2","10","ACMI_UTNW_CCC",0.0141444444444444,0.0699166666666667,0.593610414043534,0.038,NA,32.9895123839009,NA,NA,NA,NA,NA,NA,"H1","ACMI","UTNW","CCC","FORB"
"ACMI_UTNW_CCC.53","24","ACMI_UTNW_CCC",0.0825833333333333,0.0758703703703704,0.394936935766806,0.0663333333333333,67.1239404589622,63.7779910213243,4.83857030636292,0.085154284200768,-0.334686645612247,0.74561403508772,NA,0.933280803885067,"H2","ACMI","UTNW","CCC","FORB"
"ACMI_UTNW_CCC.104","42","ACMI_UTNW_CCC",0.106060606060606,0.0894585020242915,0.544572158365262,0.0694166666666667,33.8625,40.2641690600522,0.28428584533529,0.179096682770745,0.37888383953738,0.0464824120603012,-0.495522763287375,-0.368682386897546,"H3","ACMI","UTNW","CCC","FORB"
"ACMI_UTNW_CCC.155","84","ACMI_UTNW_CCC",0.114716438901382,0.0736077767665526,0.197977104118209,0.0833005661774013,23.0895489794099,13.2369137159239,0.081612138213029,-0.1771852300124,-0.636453863685371,0.200008156217066,-0.318138088463347,-0.671248307740274,"H4","ACMI","UTNW","CCC","FORB"
"ACMI_UTNW_VE.3","10","ACMI_UTNW_VE",0.275,0.144615384615385,0.393738378813006,0.094,43.2857142857143,22.9658581560284,NA,NA,NA,NA,NA,NA,"H1","ACMI","UTNW","VE","FORB"
"ACMI_UTNW_VE.54","24","ACMI_UTNW_VE",0.272324929971989,0.126984126984127,0.0916483863750124,0.0456666666666667,23.6868055555556,71.751774256651,-0.0097275273745864,-0.121918270854441,-0.767235323487381,-0.51418439716312,-0.452780069673634,2.12428012788265,"H2","ACMI","UTNW","VE","FORB"
"ACMI_UTNW_VE.105","42","ACMI_UTNW_VE",0.127786045279205,0.0773410142068197,0.328978664226732,0.0674608150470219,38.5179211214065,64.4777135714286,-0.530758916224272,-0.390939513121295,2.58957399294077,0.477244125117269,0.626134053030736,-0.10137812981744,"H3","ACMI","UTNW","VE","FORB"
"ACMI_UTNW_VE.156","84","ACMI_UTNW_VE",0.102648151172662,0.0802302852163454,0.213979737397554,0.115143346379605,22.2788659841969,14.8368634268347,-0.196718617057272,0.0373575526408209,-0.349563480353608,0.706818192151206,-0.421597393224442,-0.769891601221275,"H4","ACMI","UTNW","VE","FORB"
"ARTR_UTC_MC.4","10","ARTR_UTC_MC",0.0909090909090909,0.142460317460317,0.337444739875127,0.0563333333333333,16.9,43.9804456952262,NA,NA,NA,NA,NA,NA,"H1","ARTR","UTC","MC","FORB"
"ARTR_UTC_MC.55","24","ARTR_UTC_MC",0.146547619047619,0.155535714285714,0.247758331639911,0.0538630952380952,29.0068846270009,72.973285326087,0.612023809523809,0.0917827298050139,-0.265781023193325,-0.0438503803888419,0.716383705739699,0.65922114186323,"H2","ARTR","UTC","MC","FORB"
"ARTR_UTC_MC.106","42","ARTR_UTC_MC",0.155639249776898,0.0847242263006865,0.350315297891099,0.0984782020298114,21.904601001835,19.8317672829132,0.0620387474621811,-0.455274779237837,0.413939525554456,0.828305662615572,-0.244848204710503,-0.72823250050627,"H3","ARTR","UTC","MC","FORB"
"ARTR_UTC_MC.157","84","ARTR_UTC_MC",0.1165263616157,0.0996891816458915,0.253794755411398,0.0937504056138917,22.1765894687364,17.2745170378213,-0.25130478473306,0.176631360339537,-0.275524771714953,-0.0480085574114003,0.012416956002924,-0.128947168883693,"H4","ARTR","UTC","MC","FORB"
"ARTR_UTSC_B.5","10","ARTR_UTSC_B",0.00625,0.184970238095238,0.378922484348841,0.112083333333333,174,26.8294361111111,NA,NA,NA,NA,NA,NA,"H1","ARTR","UTSC","B","FORB"
"ARTR_UTSC_B.56","24","ARTR_UTSC_B",0.135155274748827,0.0879276198892754,0.393081918081918,0.0781041666666667,53.7210277214334,34.8562289893185,20.6248439598123,-0.524639094403917,0.0373676261449869,-0.303159851301115,-0.691258461371072,0.299178590446902,"H2","ARTR","UTSC","B","FORB"
"ARTR_UTSC_B.107","42","ARTR_UTSC_B",0.134522939728366,0.0925609977282439,0.282895308462402,0.105493612078978,25.7896612471349,14.2964919484702,-0.00467858188765335,0.0526953628996566,-0.280314622858213,0.350678415521723,-0.519933583905628,-0.589843985909914,"H3","ARTR","UTSC","B","FORB"
"ARTR_UTSC_B.158","84","ARTR_UTSC_B",0.2021040365432,0.127287305441338,0.254601105254112,0.144881023817811,20.6502230160357,13.1418869157106,0.502376003314348,0.375172141240839,-0.100016516223178,0.373363002390564,-0.199282890219049,-0.080761422936569,"H4","ARTR","UTSC","B","FORB"
"ARTR_UTSE_MO.6","10","ARTR_UTSE_MO",0.14,0.0807692307692308,0.290530671462314,0.063,12.8014184397163,23.5545156395892,NA,NA,NA,NA,NA,NA,"H1","ARTR","UTSE","MO","FORB"
"ARTR_UTSE_MO.57","24","ARTR_UTSE_MO",0.163236134934248,0.121102693602694,0.112771656092706,0.0862916666666667,20.4037549407115,44.7916327781879,0.165972392387487,0.499366682700016,-0.611842510379034,0.369708994708995,0.593866729440619,0.901615531541839,"H2","ARTR","UTSE","MO","FORB"
"ARTR_UTSE_MO.108","42","ARTR_UTSE_MO",0.138398351569073,0.0882887948695932,0.253749027612997,0.102758249105347,20.7367839180027,21.9360509335963,-0.152158609827287,-0.270959280565255,1.2501135161516,0.190824711988565,0.0163219455565368,-0.510264538865427,"H3","ARTR","UTSE","MO","FORB"
"ARTR_UTSE_MO.159","84","ARTR_UTSE_MO",0.259930204600959,0.1221649756097,0.224638760985054,0.122042156387097,15.5864154717852,13.7131731606707,0.878130784464077,0.383697396596515,-0.114720702190591,0.187662863562231,-0.248368718436912,-0.374856796139718,"H4","ARTR","UTSE","MO","FORB"
"ARTR_UTSW_BJ.7","10","ARTR_UTSW_BJ",0.143849206349206,0.0652863625005679,0.178424843541123,0.0628333333333333,24.075,47.2316300342093,NA,NA,NA,NA,NA,NA,"H1","ARTR","UTSW","BJ","FORB"
"ARTR_UTSW_BJ.58","24","ARTR_UTSW_BJ",0.148816930618401,0.115263278388278,0.235841827513916,0.140416666666667,23.8172619047619,24.8027019230769,0.0345342487127474,0.765503146040274,0.321799267597845,1.23474801061008,-0.0107056322009592,-0.474870930664205,"H2","ARTR","UTSW","BJ","FORB"
"ARTR_UTSW_BJ.109","42","ARTR_UTSW_BJ",0.139324000306999,0.084331047654731,0.268241802186084,0.0889973568098568,26.1049636242578,18.5263012592806,-0.0637893166587643,-0.268361538610314,0.137380103494389,-0.36619093073099,0.0960522552358778,-0.253053102168544,"H3","ARTR","UTSW","BJ","FORB"
"ARTR_UTSW_BJ.160","84","ARTR_UTSW_BJ",0.165330018445745,0.176005203113206,0.219452378058661,0.136963322732301,31.5678240740741,15.5290805526116,0.186658566230103,1.08707478453023,-0.181885983951063,0.53895944376105,0.209265200612649,-0.161781926393299,"H4","ARTR","UTSW","BJ","FORB"
"ARTR_UTSW_MV.8","10","ARTR_UTSW_MV",0.25,0.109437229437229,0.205702833751614,0.1025,24.059756097561,24.541346294268,NA,NA,NA,NA,NA,NA,"H1","ARTR","UTSW","MV","FORB"
"ARTR_UTSW_MV.59","24","ARTR_UTSW_MV",0.128407833951461,0.0393833943833944,0.174720685540731,0.0404126984126984,26.5230769230769,74.5466086142322,-0.486368664194157,-0.64012800227199,-0.15061604959849,-0.60572977158343,0.102383449588072,2.03759246621461,"H2","ARTR","UTSW","MV","FORB"
"ARTR_UTSW_MV.110","42","ARTR_UTSW_MV",0.125578843948685,0.0779208778987996,0.20076472419731,0.0559961315280464,29.5272824895902,25.0378796296296,-0.0220312882455852,0.978521128479828,0.149060991696413,0.385607339460693,0.113267611266451,-0.664131204691055,"H3","ARTR","UTSW","MV","FORB"
"ARTR_UTSW_MV.161","84","ARTR_UTSW_MV",0.142124879308369,0.117333742531719,0.213483489623719,0.126121635869674,29.5751250658241,11.6091768981947,0.131758143644366,0.505806219022671,0.063351594645231,1.25232765957242,0.00162028375793821,-0.536335461711522,"H4","ARTR","UTSW","MV","FORB"
"ARTR_UTSW_OCR.9","10","ARTR_UTSW_OCR",NA,0.227412587412587,0.201306542228408,0.07825,NA,24.212437614653,NA,NA,NA,NA,NA,NA,"H1","ARTR","UTSW","OCR","FORB"
"ARTR_UTSW_OCR.60","24","ARTR_UTSW_OCR",0.111601640220504,0.106601731601732,0.298730271185106,0.0930555555555556,36.189795034642,53.2640648148148,NA,-0.531240848122767,0.483957092890494,0.18920837770678,NA,1.19986379159859,"H2","ARTR","UTSW","OCR","FORB"
"ARTR_UTSW_OCR.111","42","ARTR_UTSW_OCR",0.135305439255186,0.101097471588073,0.182645678149897,0.116209587513935,30.5081433079316,19.9162883089133,0.212396511268537,-0.0516338705849789,-0.388593337309556,0.248819447910947,-0.156995963123631,-0.626083957764827,"H3","ARTR","UTSW","OCR","FORB"
"ARTR_UTSW_OCR.162","84","ARTR_UTSW_OCR",0.165788175743538,0.11666184259555,0.210197350760081,0.116484871829929,24.2169834520211,12.6024831903793,0.225288330285537,0.153954107486432,0.150847657000525,0.00236886062400748,-0.206212478826101,-0.3672273169123,"H4","ARTR","UTSW","OCR","FORB"
"ELTR_NMNW_C.10","10","ELTR_NMNW_C",0.191327216508705,0.0797662902429344,0.351623376623377,0.0393706682638829,56.7318452380952,27.1832133741259,NA,NA,NA,NA,NA,NA,"H1","ELTR","NMNW","C","GRASS"
"ELTR_NMNW_C.61","24","ELTR_NMNW_C",0.203030695669459,0.160918446261641,0.625459482038429,0.0584145769635997,53.3105655314757,25.2193981066534,0.0611699651221427,1.01737407834251,0.778776735621757,0.483708037975744,-0.0603061594816963,-0.0722436762881643,"H2","ELTR","NMNW","C","GRASS"
"ELTR_NMNW_C.112","42","ELTR_NMNW_C",0.221060530695081,0.174615406920339,0.321079546904119,0.0439007519201099,38.2339488002948,23.2181258776588,0.0888034933149989,0.0851174055982861,-0.486650125028577,-0.24846238384186,-0.282807293092387,-0.079354480250926,"H3","ELTR","NMNW","C","GRASS"
"ELTR_NMNW_C.163","84","ELTR_NMNW_C",0.270049982209771,0.137970135843055,0.270569499640352,0.143233783286145,26.2532070513551,12.0771632459997,0.221611028258426,-0.209862759097781,-0.157313188431932,2.2626726655343,-0.313353501923592,-0.479839014154853,"H4","ELTR","NMNW","C","GRASS"
"ELTR_UTC_TMC.11","10","ELTR_UTC_TMC",0.106670134114252,0.369988095238095,0.620699979973122,0.08084125,90.7665748369783,31.3942400853318,NA,NA,NA,NA,NA,NA,"H1","ELTR","UTC","TMC","GRASS"
"ELTR_UTC_TMC.62","24","ELTR_UTC_TMC",0.273777777777778,0.166699604743083,0.530045351473923,0.0573611111111111,48.5161172161172,40.2859798201798,1.56658323392133,-0.549446031132952,-0.146052249757,-0.290447499128092,-0.465484763490802,0.283228379176552,"H2","ELTR","UTC","TMC","GRASS"
"ELTR_UTC_TMC.113","42","ELTR_UTC_TMC",0.149955005238616,0.0994983277591973,0.364995374653099,0.0452825872064162,67.9489834943639,40.3192361111111,-0.452274737358953,-0.403127992339611,-0.311388405467308,-0.210569908265867,0.400544548766797,0.000825505326660385,"H3","ELTR","UTC","TMC","GRASS"
"ELTR_UTC_TMC.164","84","ELTR_UTC_TMC",0.193773053381006,0.118518817518764,0.281609027611894,0.090851793976162,36.8054763934559,13.0274812153997,0.29220797313611,0.191163913886065,-0.228458640388135,1.0063295756937,-0.458336615197359,-0.676891665816812,"H4","ELTR","UTC","TMC","GRASS"
"ELTR_UTSW_DNF.12","10","ELTR_UTSW_DNF",0.221031809599592,0.130458083583084,0.483875921375921,0.0674840117535217,60.9266448624904,25.0043590953394,NA,NA,NA,NA,NA,NA,"H1","ELTR","UTSW","DNF","GRASS"
"ELTR_UTSW_DNF.63","24","ELTR_UTSW_DNF",0.127810743098261,0.148172664502115,0.618089968880019,0.0630757540232027,72.2868004614522,32.7706116347757,-0.421754075443735,0.13578752985245,0.277372858567656,-0.0653229945252776,0.186456280738932,0.310595944884022,"H2","ELTR","UTSW","DNF","GRASS"
"ELTR_UTSW_DNF.114","42","ELTR_UTSW_DNF",0.223812782663237,0.176926594064345,0.281093365049698,0.0541143101617836,38.5735834945197,22.6188164502164,0.751126526908384,0.194056910961598,-0.545222574054971,-0.1420743041474,-0.46638136909809,-0.309783512669818,"H3","ELTR","UTSW","DNF","GRASS"
"ELTR_UTSW_DNF.165","84","ELTR_UTSW_DNF",0.220505837675022,0.125117352376787,0.355635856290963,0.103830061888717,72.4156068034994,11.9986753911355,-0.0147754965058944,-0.292829023028136,0.265187658300243,0.918717277893771,0.877336774110911,-0.469526824378973,"H4","ELTR","UTSW","DNF","GRASS"
"ELTR_UTSW_SP.13","10","ELTR_UTSW_SP",0.079088992989669,0.220890625,0.555989465313268,0.0413219047619048,184.830278186588,57.5746003716334,NA,NA,NA,NA,NA,NA,"H1","ELTR","UTSW","SP","GRASS"
"ELTR_UTSW_SP.64","24","ELTR_UTSW_SP",0.170511363636364,0.112280900900901,0.410512394146241,0.0372100790513834,81.6511823201655,69.7369324232546,1.15594303569697,-0.491690057462145,-0.261654366211882,-0.0995071677894216,-0.558236977613928,0.211244749822242,"H2","ELTR","UTSW","SP","GRASS"
"ELTR_UTSW_SP.115","42","ELTR_UTSW_SP",0.141202125933139,0.0960545898536275,0.250994500994501,0.033015873015873,89.0955034213099,64.3356367521368,-0.171890231115215,-0.144515326445365,-0.388582404396086,-0.112716934294029,0.0911722389022386,-0.0774524413883846,"H3","ELTR","UTSW","SP","GRASS"
"ELTR_UTSW_SP.166","84","ELTR_UTSW_SP",0.185385437177644,0.104096497361354,0.250233628882634,0.12546538964258,91.6824305575073,18.1481408294542,0.312908257949509,0.0837222616845443,-0.00303142940922013,2.80015362859737,0.0290354399140044,-0.717914646599787,"H4","ELTR","UTSW","SP","GRASS"
"HEAN_AZSE_HWD.14","10","HEAN_AZSE_HWD",0.39515455304929,0.251112332112332,0.21729627657747,0.205922222222222,12.1086080586081,13.5190242484189,NA,NA,NA,NA,NA,NA,"H1","HEAN","AZSE","HWD","FORB"
"HEAN_AZSE_HWD.65","24","HEAN_AZSE_HWD",0.17089931673265,0.125430849811676,0.23200886425436,0.105575,61.4086805555556,20.1181020244605,-0.567512722771708,-0.50049904456478,0.0677075001404545,-0.487306426374575,4.07148965911898,0.488132697654816,"H2","HEAN","AZSE","HWD","FORB"
"HEAN_AZSE_HWD.116","42","HEAN_AZSE_HWD",0.108106311976949,0.0957743857036485,0.198358050847458,0.126184210526316,35.8219721767594,16.8192142857143,-0.367426891787594,-0.236436762985775,-0.145041067784417,0.195209192766429,-0.416662728254652,-0.163976091518737,"H3","HEAN","AZSE","HWD","FORB"
"HEAN_AZSE_HWD.167","84","HEAN_AZSE_HWD",0.132837086622298,0.0708302420761506,0.236422813110384,0.0844428247281445,24.4818032256704,14.8144054821559,0.228763466194482,-0.260446918497413,0.191899255413632,-0.330797218004277,-0.316570201526936,-0.119197530247367,"H4","HEAN","AZSE","HWD","FORB"
"HEAN_UTEC_CI.15","10","HEAN_UTEC_CI",0.179305555555556,0.0706889690337023,0.28381478221646,0.0774561403508772,NA,11.1326979166667,NA,NA,NA,NA,NA,NA,"H1","HEAN","UTEC","CI","FORB"
"HEAN_UTEC_CI.66","24","HEAN_UTEC_CI",0.0868354500199753,0.0467633678850134,0.283843274046329,0.0588983896668259,52.6274363883399,26.8777389643463,-0.515712439857613,-0.338463008808092,0.00010038881571271,-0.239590439182542,NA,1.41430596298746,"H2","HEAN","UTEC","CI","FORB"
"HEAN_UTEC_CI.117","42","HEAN_UTEC_CI",0.108812774462021,0.0549005663778983,0.165242799559784,0.0566822948175035,43.8580043773782,35.333298734942,0.253091616810757,0.174007965228115,-0.417837889183826,-0.0376257290200689,-0.166632323608768,0.314593418062884,"H3","HEAN","UTEC","CI","FORB"
"HEAN_UTEC_CI.168","84","HEAN_UTEC_CI",0.186772413027309,NA,NA,NA,21.1865585778426,NA,0.716456674785915,NA,NA,NA,-0.516928349143707,NA,"H4","HEAN","UTEC","CI","FORB"
"HEAN_UTEC_ONWR.16","10","HEAN_UTEC_ONWR",0.0873804080941495,0.05641240489887,0.232448991557223,0.0770588235294118,51.8766666666667,22.2497125,NA,NA,NA,NA,NA,NA,"H1","HEAN","UTEC","ONWR","FORB"
"HEAN_UTEC_ONWR.67","24","HEAN_UTEC_ONWR",0.0937086199408272,0.0526857374161808,0.28234071400509,0.0683703784713933,26.291314698852,26.4022621081263,0.0724214041190931,-0.0660611347693825,0.214635142590346,-0.112750813730011,-0.493195758551977,0.186633854622898,"H2","HEAN","UTEC","ONWR","FORB"
"HEAN_UTEC_ONWR.118","42","HEAN_UTEC_ONWR",0.146166407708559,0.0594733524021595,0.208978295065069,0.0807529732888242,24.6353366537964,25.2904419040248,0.55979682339636,0.128832115081949,-0.25983648585198,0.18111052029077,-0.0629857450653805,-0.0421107933686981,"H3","HEAN","UTEC","ONWR","FORB"
"HEAN_UTEC_ONWR.169","84","HEAN_UTEC_ONWR",0.162652444659495,0.0986181086606557,0.16572245822213,0.0978191145840828,24.1360220769544,15.6989613560894,0.112789506216826,0.658189839271188,-0.206987222426473,0.211337621392827,-0.0202682262417954,-0.379253181274344,"H4","HEAN","UTEC","ONWR","FORB"
"HEAN_UTSE_VNS.17","10","HEAN_UTSE_VNS",0.454545454545455,0.0394736842105263,0.166666666666667,0.05,NA,21.9296666666667,NA,NA,NA,NA,NA,NA,"H1","HEAN","UTSE","VNS","FORB"
"HEAN_UTSE_VNS.68","24","HEAN_UTSE_VNS",0.154577605595417,0.066400772701994,0.360905867829408,0.0716060537221373,26.5436140350877,20.335329718235,-0.659929267690082,0.682152908450514,1.16543520697645,0.432121074442747,NA,-0.0727022883049608,"H2","HEAN","UTSE","VNS","FORB"
"HEAN_UTSE_VNS.119","42","HEAN_UTSE_VNS",0.140813853182076,0.0628337034747576,0.161147371471771,0.08740827596794,30.6679828727154,24.6649733841134,-0.0890410506769359,-0.0537202969496354,-0.553491960546504,0.220682769464188,0.155380832172128,0.212912390694898,"H3","HEAN","UTSE","VNS","FORB"
"HECO_AZNC_KV.18","10","HECO_AZNC_KV",0.19856482125685,0.138917886048427,0.34256891162262,0.104062801932367,47.5679608585859,7.79575681318681,NA,NA,NA,NA,NA,NA,"H1","HECO","AZNC","KV","GRASS"
"HECO_AZNC_KV.69","24","HECO_AZNC_KV",0.223248310387185,0.137267198259158,0.378788956828377,0.0991763427775408,34.2434861386601,15.5076785170437,0.124309477248269,-0.0118824712657428,0.105730683599386,-0.046956828608192,-0.280114482088856,0.989246058934504,"H2","HECO","AZNC","KV","GRASS"
"HECO_AZNC_KV.120","42","HECO_AZNC_KV",0.294338776957165,0.13173720663599,0.3340026508108,0.0626633250707629,35.6860507785396,38.62093667392,0.318436750749358,-0.0402863298246108,-0.118235511384956,-0.368162574704726,0.0421266875118429,1.49043959941998,"H3","HECO","AZNC","KV","GRASS"
"HECO_AZNC_KV.170","84","HECO_AZNC_KV",0.341463414634146,0.176664228237015,0.263847918715175,0.118324350808427,17.6803571428571,11.7930857142857,0.160103395699846,0.34103517713994,-0.210042441056448,0.888255222250156,-0.504558314603712,-0.694645269381844,"H4","HECO","AZNC","KV","GRASS"
"HECO_UTC_KRRS.19","10","HECO_UTC_KRRS",0.240451180472189,0.172113127950491,0.542071227926491,0.0818357337238406,43.3248116289199,10.3677291155844,NA,NA,NA,NA,NA,NA,"H1","HECO","UTC","KRRS","GRASS"
"HECO_UTC_KRRS.70","24","HECO_UTC_KRRS",0.233384167924349,0.103923557156239,0.342213764268636,0.044034528480093,33.6231170879986,20.8468798473085,-0.0293906336161959,-0.396190410378614,-0.36869225548521,-0.461915639093675,-0.22392929538891,1.01074696444105,"H2","HECO","UTC","KRRS","GRASS"
"HECO_UTC_KRRS.121","42","HECO_UTC_KRRS",0.25321617190538,0.144661848626573,0.350788175700263,0.0838236751404154,25.7150606639839,14.9366899554955,0.0849757897350577,0.392002473597862,0.0250557175862056,0.903589706389389,-0.235197004588174,-0.283504770742757,"H3","HECO","UTC","KRRS","GRASS"
"HECO_UTC_KRRS.171","84","HECO_UTC_KRRS",0.333739898233131,0.142378952841501,0.457285416602115,0.128350859214296,50.2770731400003,11.7102476276134,0.318003884672265,-0.0157809111852683,0.303594158181803,0.531200570713366,0.955160588456926,-0.216007852977826,"H4","HECO","UTC","KRRS","GRASS"
"HECO_UTC_TMR.20","10","HECO_UTC_TMR",0.159597220523721,0.171623055922566,0.346812732185073,0.0474745624745625,47.1525850611377,20.4083829032809,NA,NA,NA,NA,NA,NA,"H1","HECO","UTC","TMR","GRASS"
"HECO_UTC_TMR.71","24","HECO_UTC_TMR",0.2519307349587,0.160715408195427,0.376088963635948,0.0529499973812583,26.168000565337,16.77537969437,0.578540867641584,-0.0635558414252917,0.0844150999486741,0.115334078320988,-0.445035716887892,-0.17801524139019,"H2","HECO","UTC","TMR","GRASS"
"HECO_UTC_TMR.122","42","HECO_UTC_TMR",0.230542394267834,0.130250806774975,0.270869586025365,0.0657893752338197,25.5116042764823,21.1399895162565,-0.0848977029117639,-0.189556196027006,-0.279772574534878,0.242481180123833,-0.0250839297872889,0.260179495272549,"H3","HECO","UTC","TMR","GRASS"
"HECO_UTC_TMR.172","84","HECO_UTC_TMR",0.253454250555056,0.124207983077213,0.24260712338561,0.0944394637344288,16.9234209611247,15.2374864891866,0.099382399319595,-0.046393752540833,-0.10433974169809,0.435481996884526,-0.336638308680361,-0.279210310039695,"H4","HECO","UTC","TMR","GRASS"
"HECO_UTEC_GRC.21","10","HECO_UTEC_GRC",0.166026682559,0.146286092744718,0.357366508315875,0.0448074512360227,43.0568376068376,15.8309500257998,NA,NA,NA,NA,NA,NA,"H1","HECO","UTEC","GRC","GRASS"
"HECO_UTEC_GRC.72","24","HECO_UTEC_GRC",0.230301471370079,0.126107884735712,0.276774244310891,0.0475416860821463,30.5916545999331,21.3603190559441,0.38713529548624,-0.137936611952707,-0.225517115145411,0.0610218785201845,-0.289505307396868,0.349275881809558,"H2","HECO","UTEC","GRC","GRASS"
"HECO_UTEC_GRC.123","42","HECO_UTEC_GRC",0.245882345197372,0.13111673714669,0.273245915171339,0.0590856283904252,28.3442523244489,15.7081784719998,0.0676542522051695,0.0397187885711904,-0.0127480400076108,0.242817267530907,-0.0734645544634593,-0.264609370728073,"H3","HECO","UTEC","GRC","GRASS"
"HECO_UTEC_GRC.173","84","HECO_UTEC_GRC",0.320280716905212,0.131742816963993,0.26873965375811,0.0677074463110038,17.4977940759801,16.675655237016,0.302577119345924,0.0047749801507238,-0.0164915966279064,0.145920728194805,-0.382668702081549,0.0615906399803579,"H4","HECO","UTEC","GRC","GRASS"
"HECO_UTSW_SPR.22","10","HECO_UTSW_SPR",0.224407315816945,0.148346182483029,0.326413777908343,0.0589735032769088,38.8275585234094,11.0700554070113,NA,NA,NA,NA,NA,NA,"H1","HECO","UTSW","SPR","GRASS"
"HECO_UTSW_SPR.73","24","HECO_UTSW_SPR",0.238605743059584,0.142983675281197,0.484155470850066,0.0528248699226519,34.7128252412076,19.5232068484369,0.0632707859409597,-0.0361486026271384,0.483256846425204,-0.104260947927515,-0.105974556183361,0.763605161006855,"H2","HECO","UTSW","SPR","GRASS"
"HECO_UTSW_SPR.124","42","HECO_UTSW_SPR",0.247066764657325,0.140642045405558,0.319771451844943,0.0685938903684595,26.4851424544448,13.6317072526386,0.035460259628487,-0.0163769036642416,-0.339527339671495,0.298515083310137,-0.23702141008666,-0.301769050624492,"H3","HECO","UTSW","SPR","GRASS"
"HECO_UTSW_SPR.174","84","HECO_UTSW_SPR",0.314369444514898,0.165259366329791,0.260203519896361,0.118318857422794,22.7592656449553,13.1532193893116,0.272406853066296,0.175035288012529,-0.186282832957415,0.724918309593337,-0.140677997707511,-0.035101095883226,"H4","HECO","UTSW","SPR","GRASS"
"HEVI_AZNC_KV.23","10","HEVI_AZNC_KV",NA,0.0941123188405797,0.343253569685213,0.0683333333333333,NA,22.4910830215391,NA,NA,NA,NA,NA,NA,"H1","HEVI","AZNC","KV","FORB"
"HEVI_AZNC_KV.74","24","HEVI_AZNC_KV",0.068547337335587,0.296651748077872,0.496635559074309,0.24752380952381,93.1904761904762,18.2759839673329,NA,2.1521032712028,0.446847470602439,2.62229965156794,NA,-0.187412009024621,"H2","HEVI","AZNC","KV","FORB"
"HEVI_AZNC_KV.125","42","HEVI_AZNC_KV",0.225347658828812,0.0812424260484336,0.225444096133751,0.0844599844599845,27.0120879120879,40.2219196428571,2.28747501490215,-0.726135353744461,-0.546057280807758,-0.658780362897331,-0.710141110805393,1.20080733900572,"H3","HEVI","AZNC","KV","FORB"
"HEVI_AZNC_KV.175","84","HEVI_AZNC_KV",0.135121738065101,0.0735004744182264,0.191452618276605,0.0642478283083868,32.5425493738049,23.0713359609804,-0.400385436585575,-0.0952944416700662,-0.150775639904004,-0.239310441279726,0.204740243690754,-0.426398934565086,"H4","HEVI","AZNC","KV","FORB"
"HEVI_COSW_DE.24","10","HEVI_COSW_DE",NA,0.0895128205128205,0.317551028999627,0.0743333333333333,NA,34.0908384122519,NA,NA,NA,NA,NA,NA,"H1","HEVI","COSW","DE","FORB"
"HEVI_COSW_DE.75","24","HEVI_COSW_DE",0.333333333333333,0.225644841269841,0.388221482446406,0.065294237012987,42.925,36.769841994382,NA,1.52081031495956,0.222548337095335,-0.121602192650399,NA,0.0785842679999122,"H2","HEVI","COSW","DE","FORB"
"HEVI_COSW_DE.126","42","HEVI_COSW_DE",0.160891316453484,0.0872054572129332,0.21177633164618,0.0597373737373737,30.6608864921288,35.4652773189176,-0.517326050639548,-0.613527804481703,-0.454496102813127,-0.0851049576474569,-0.285710273916626,-0.0354792026482925,"H3","HEVI","COSW","DE","FORB"
"HEVI_COSW_DE.176","84","HEVI_COSW_DE",0.148318846595762,0.114713290831591,0.161129933598604,0.105088207839886,38.4484837092732,17.5025321006833,-0.078142625312887,0.315437066644701,-0.239150417111728,0.759170202257133,0.253991260792265,-0.506488221048049,"H4","HEVI","COSW","DE","FORB"
"HEVI_NMNW_NC.25","10","HEVI_NMNW_NC",0.0714285714285714,0.0749264705882353,0.165926876987038,0.0515,NA,43.0893542976939,NA,NA,NA,NA,NA,NA,"H1","HEVI","NMNW","NC","FORB"
"HEVI_NMNW_NC.76","24","HEVI_NMNW_NC",0.261760752688172,0.143389497470893,0.384428104575163,0.119205882352941,29.4090909090909,31.935157751938,2.66465053763441,0.913736178218,1.31685252899199,1.31467732724158,NA,-0.258862002635136,"H2","HEVI","NMNW","NC","FORB"
"HEVI_NMNW_NC.127","42","HEVI_NMNW_NC",0.381830954504906,0.149842401256143,0.369986824769433,0.173202380952381,14.4767902097902,28.3469914285714,0.458702080367909,0.0450026250113644,-0.0375656192506767,0.452968406706379,-0.507744382356438,-0.112357870633935,"H3","HEVI","NMNW","NC","FORB"
"HEVI_NMNW_NC.177","84","HEVI_NMNW_NC",0.147211986504803,0.106412445345053,0.152040891499753,0.103171592920145,37.3576961309705,25.0343945352974,-0.614457694516459,-0.289837559642751,-0.589064038714078,-0.404329245632537,1.58052341642048,-0.116858852609495,"H4","HEVI","NMNW","NC","FORB"
"HEVI_NMNW_ND.26","10","HEVI_NMNW_ND",NA,0.110371905393457,0.308230188447619,0.0526041666666667,NA,30.7994058974425,NA,NA,NA,NA,NA,NA,"H1","HEVI","NMNW","ND","FORB"
"HEVI_NMNW_ND.77","24","HEVI_NMNW_ND",0.206959706959707,0.0995522809394761,0.349102377486657,0.0716944444444444,16.1316666666667,39.5806857220161,NA,-0.0980287910715224,0.132602809753608,0.362904290429043,NA,0.28511198734852,"H2","HEVI","NMNW","ND","FORB"
"HEVI_NMNW_ND.128","42","HEVI_NMNW_ND",0.249659567339711,0.155669103821399,0.364659090909091,0.10765931372549,39.8278966131907,26.5346555383023,0.206319679358248,0.563691985279978,0.0445620380314613,0.501640950839847,1.46892633205026,-0.329605966792464,"H3","HEVI","NMNW","ND","FORB"
"HEVI_NMNW_ND.178","84","HEVI_NMNW_ND",0.137337900406846,0.0963933279482223,0.189313543132038,0.0776575043261723,25.641366217515,15.1549896627502,-0.449899309406515,-0.38078060718577,-0.480847871747606,-0.278673608080175,-0.356195822577716,-0.42886050882122,"H4","HEVI","NMNW","ND","FORB"
"MACA_NMNW_CU.27","10","MACA_NMNW_CU",0.666666666666667,0.0991416666666667,0.213082182709012,0.0657066666666667,4.09375,36.7873044953354,NA,NA,NA,NA,NA,NA,"H1","MACA","NMNW","CU","FORB"
"MACA_NMNW_CU.78","24","MACA_NMNW_CU",0.177628346843527,0.0521635056011862,0.238564457314457,0.0562962962962963,31.1886408730159,64.0470677083333,-0.733557479734709,-0.473848812966097,0.119588950523586,-0.143217893217893,6.61859929722525,0.741010073637074,"H2","MACA","NMNW","CU","FORB"
"MACA_NMNW_CU.129","42","MACA_NMNW_CU",0.0986253073294681,0.0765935946211084,0.502212479194576,0.0718307500956755,45.7053872053872,32.9975253872054,-0.444765944839047,0.468336794821677,1.10514376218499,0.275940955646867,0.465449789603724,-0.484792566343955,"H3","MACA","NMNW","CU","FORB"
"MACA_NMNW_CU.179","84","MACA_NMNW_CU",0.157671908577304,0.102124855820643,0.385843924123771,0.10831726375623,30.4339671769923,10.4627569574301,0.598696245889351,0.333334155758484,-0.231711795090061,0.507951171496276,-0.334127352641591,-0.682922981809814,"H4","MACA","NMNW","CU","FORB"
"MACA_NMNW_FC.28","10","MACA_NMNW_FC",0.209703703703704,0.118567407407407,0.128066472658686,0.06894,10.65,50.4201691058302,NA,NA,NA,NA,NA,NA,"H1","MACA","NMNW","FC","FORB"
"MACA_NMNW_FC.79","24","MACA_NMNW_FC",0.101370442757328,0.0924476159902578,0.310751993104934,0.0938888888888889,44.2843269230769,31.720576449014,-0.516601562266362,-0.220294868448964,1.42648982714726,0.361892789220901,3.15815276273023,-0.370875246720543,"H2","MACA","NMNW","FC","FORB"
"MACA_NMNW_FC.130","42","MACA_NMNW_FC",0.153123177133969,0.226045348517221,0.368166661023154,0.120576174007547,22.3390400581154,23.0001059556423,0.510530811239839,1.44511820122048,0.184760417285021,0.284243273453159,-0.495554260158026,-0.274915259102826,"H3","MACA","NMNW","FC","FORB"
"MACA_NMNW_FC.180","84","MACA_NMNW_FC",0.161931626590165,0.0940590645836298,0.297551710279983,0.0795475933741157,21.9249617048825,15.6815132405328,0.057525252682619,-0.583892943603465,-0.191801589385983,-0.34027104418542,-0.0185360853535166,-0.318198217400565,"H4","MACA","NMNW","FC","FORB"
"MACA_UTC_MK.29","10","MACA_UTC_MK",0.111111111111111,0.112949814969976,0.384957106398791,0.123420833333333,33.3,18.0130660648625,NA,NA,NA,NA,NA,NA,"H1","MACA","UTC","MK","FORB"
"MACA_UTC_MK.80","24","MACA_UTC_MK",0.121637718006703,0.0646916003140136,0.298016784812882,0.0669206188548294,36.7843055555556,50.9579143412537,0.0947394620603313,-0.427253596376324,-0.225844178846887,-0.457785067176697,0.104633800467134,1.82894173361501,"H2","MACA","UTC","MK","FORB"
"MACA_UTC_MK.131","42","MACA_UTC_MK",0.13512038294647,0.118068865696374,0.20842328042328,0.159803921568627,39.8146417161114,11.0889707792208,0.110842797453857,0.825103492930556,-0.300632410506192,1.38796239938082,0.082381225220606,-0.782389626369705,"H3","MACA","UTC","MK","FORB"
"MACA_UTC_MK.181","84","MACA_UTC_MK",0.152580368768254,0.0757927642452497,0.401038096362751,0.0793006623498564,29.4007406294993,18.9450136332865,0.129218001318877,-0.358063077863739,0.924152117500001,-0.503762726399672,-0.261559583051528,0.708455546549626,"H4","MACA","UTC","MK","FORB"
"MACA_UTNE_BON.30","10","MACA_UTNE_BON",0.140944881889764,0.2971,0.431603928336244,0.2048,NA,16.3394610705596,NA,NA,NA,NA,NA,NA,"H1","MACA","UTNE","BON","FORB"
"MACA_UTNE_BON.81","24","MACA_UTNE_BON",0.089512967032967,0.148969565217391,0.224289086402311,0.142466666666667,92.2686613744922,49.0767784367397,-0.364907999263307,-0.498587797989258,-0.480335854988842,-0.304361979166667,NA,2.00357387705804,"H2","MACA","UTNE","BON","FORB"
"MACA_UTNE_BON.132","42","MACA_UTNE_BON",0.101389092484192,0.124958833215714,0.363144963144963,0.144166666666667,35.7938775510204,18.925462962963,0.132674916773238,-0.161178774782879,0.619093327142916,0.0119326158165653,-0.612068962334424,-0.614370307795202,"H3","MACA","UTNE","BON","FORB"
"MACA_UTNE_BON.182","84","MACA_UTNE_BON",0.192037749258042,0.080577866488706,0.251376712348217,0.10875657454823,18.3650436329056,13.1557951455079,0.894067148179519,-0.355164701725359,-0.307778606727169,-0.245619136081644,-0.486922208784779,-0.304862704217399,"H4","MACA","UTNE","BON","FORB"
"MACA_UTSE_CSR.31","10","MACA_UTSE_CSR",0.0833333333333333,0.146499102564103,0.210264263190519,0.0598,NA,43.768175484207,NA,NA,NA,NA,NA,NA,"H1","MACA","UTSE","CSR","FORB"
"MACA_UTSE_CSR.82","24","MACA_UTSE_CSR",0.233484739819906,0.0648070469798658,0.310246801912392,0.0665865384615385,52.7463333333333,32.1466777777778,1.80181687783887,-0.557628368736876,0.475508948619005,0.113487265243118,NA,-0.265523924126621,"H2","MACA","UTSE","CSR","FORB"
"MACA_UTSE_CSR.133","42","MACA_UTSE_CSR",0.145706843566504,0.0638813566683544,0.248113588470969,0.0738671496258895,37.5965563322794,31.3583144027269,-0.375947037571309,-0.0142837909556189,-0.200270278560253,0.109340586439352,-0.287219528707598,-0.0245239455380316,"H3","MACA","UTSE","CSR","FORB"
"MACA_UTSE_CSR.183","84","MACA_UTSE_CSR",0.154920650815982,0.0839918571938667,0.283322568512114,0.092782638355348,32.2118246625816,17.5571025740479,0.0632352401846688,0.314810166445239,0.141906697888353,0.25607443667799,-0.143224066111466,-0.440113318956929,"H4","MACA","UTSE","CSR","FORB"
"MACA_UTSW_BJ.32","10","MACA_UTSW_BJ",0.08,0.0983783068783069,0.284884593884117,0.0769333333333333,28.4027777777778,19.3599991749175,NA,NA,NA,NA,NA,NA,"H1","MACA","UTSW","BJ","FORB"
"MACA_UTSW_BJ.83","24","MACA_UTSW_BJ",0.0913242793616979,0.0676801197764902,0.238001233466592,0.08,30.3038779335287,27.9779423076923,0.141553492021223,-0.312042238537303,-0.164569658816286,0.0398613518197571,0.0669335996156797,0.445141709713505,"H2","MACA","UTSW","BJ","FORB"
"MACA_UTSW_BJ.134","42","MACA_UTSW_BJ",0.103490183000829,0.0630456574038562,0.331698277741443,0.069349477682811,32.9155405405405,23.7878280833333,0.13321653041407,-0.0684759777012672,0.393683019663861,-0.133131528964862,0.0861824553524314,-0.149764917601068,"H3","MACA","UTSW","BJ","FORB"
"MACA_UTSW_BJ.184","84","MACA_UTSW_BJ",0.14020147097149,0.0762026217285233,0.194944341099817,0.0671605967692181,22.5688088819979,18.3205120894995,0.354732080919866,0.208689461993973,-0.412284132353034,-0.0315630482987102,-0.314341842443666,-0.229836703657048,"H4","MACA","UTSW","BJ","FORB"
"MUPO_AZSE_BRR.33","10","MUPO_AZSE_BRR",0.229666666666667,0.23,0.297949453500272,0.171,12.4443649045521,19.1903549861974,NA,NA,NA,NA,NA,NA,"H1","MUPO","AZSE","BRR","GRASS"
"MUPO_AZSE_BRR.84","24","MUPO_AZSE_BRR",0.11938080495356,0.121191430627138,0.405229837671942,0.104034391534392,23.785360094451,28.6815728805729,-0.48019968815576,-0.473080736403747,0.360062362630148,-0.391611745412915,0.911335795509368,0.49458271622396,"H2","MUPO","AZSE","BRR","GRASS"
"MUPO_AZSE_BRR.135","42","MUPO_AZSE_BRR",0.155299162740418,0.112099309397255,0.502270750115718,0.11601378462138,22.9747234938082,9.46617498592031,0.300872136025802,-0.0750228063389786,0.2394712911598,0.115148393817711,-0.0340813255474701,-0.669956211071949,"H3","MUPO","AZSE","BRR","GRASS"
"MUPO_AZSE_BRR.185","84","MUPO_AZSE_BRR",0.178827065834754,0.147538572518172,0.331549624169569,0.134329444865721,49.3320332758303,7.11342066307662,0.151500514743039,0.316141672160787,-0.339898602311237,0.157874862061576,1.14723077251073,-0.248543295084139,"H4","MUPO","AZSE","BRR","GRASS"
"MUPO_AZSE_MRR.34","10","MUPO_AZSE_MRR",0.218245192307692,0.320089285714286,0.347983243698596,0.14375,25.2938759165376,35.2111561113224,NA,NA,NA,NA,NA,NA,"H1","MUPO","AZSE","MRR","GRASS"
"MUPO_AZSE_MRR.85","24","MUPO_AZSE_MRR",0.135277777777778,0.120312079634114,0.313062353231986,0.102777777777778,24.8339393939394,54.2822411585366,-0.38015689442058,-0.624129625689799,-0.10035221838686,-0.285024154589372,-0.0181837107177985,0.541620530348951,"H2","MUPO","AZSE","MRR","GRASS"
"MUPO_AZSE_MRR.136","42","MUPO_AZSE_MRR",0.200488671205738,0.114727563674365,0.400520436659051,0.148473473473473,15.6628359128359,24.8763495798319,0.482051778933587,-0.0464169182074814,0.279363144511521,0.444606768931093,-0.369297167703552,-0.541722135105326,"H3","MUPO","AZSE","MRR","GRASS"
"MUPO_AZSE_MRR.186","84","MUPO_AZSE_MRR",0.132634336639662,0.143665662537136,0.388981637017094,0.161918843194956,50.9273317023892,7.78986474687772,-0.338444731854426,0.252233185609235,-0.0288095152851809,0.0905573864942593,2.25147578547085,-0.686856597593675,"H4","MUPO","AZSE","MRR","GRASS"
"MUPO_AZSE_SIT.35","10","MUPO_AZSE_SIT",0.156450757575758,0.105,0.44748018062931,0.223833333333333,38.2044819634018,19.8408183886054,NA,NA,NA,NA,NA,NA,"H1","MUPO","AZSE","SIT","GRASS"
"MUPO_AZSE_SIT.86","24","MUPO_AZSE_SIT",0.129195781573499,0.0571884479469619,0.216397822066703,0.0327045454545455,21.5090131578947,105.579279155515,-0.174208015509679,-0.455348114790839,-0.516408030044206,-0.853888851282745,-0.437002884151148,4.32131674649815,"H2","MUPO","AZSE","SIT","GRASS"
"MUPO_AZSE_SIT.137","42","MUPO_AZSE_SIT",0.139421470342523,0.105718842560948,0.333614330874605,0.112777777777778,23.5572572572573,32.9593666666667,0.0791487821388864,0.848604855634382,0.541671388780297,2.44838236429619,0.0952272465652719,-0.687823530049692,"H3","MUPO","AZSE","SIT","GRASS"
"MUPO_AZSE_SIT.187","84","MUPO_AZSE_SIT",0.187237545816485,0.144017735485385,0.338543416788759,0.113184968758208,50.2888711254973,12.529810589891,0.342960631217629,0.362271209149468,0.0147748026927731,0.00361056041760901,1.134750687498,-0.619840674834235,"H4","MUPO","AZSE","SIT","GRASS"
"PAMU_AZNC_WMR.36","10","PAMU_AZNC_WMR",NA,0.100221448228414,0.58992673992674,0.0739583333333333,NA,62.7448375,NA,NA,NA,NA,NA,NA,"H1","PAMU","AZNC","WMR","FORB"
"PAMU_AZNC_WMR.87","24","PAMU_AZNC_WMR",0.16,0.0517679586038961,0.613302804610248,0.0359375,187.25,79.1528507034701,NA,-0.483464273177214,0.0396253688829406,-0.514084507042254,NA,0.261503796283959,"H2","PAMU","AZNC","WMR","FORB"
"PAMU_AZNC_WMR.138","42","PAMU_AZNC_WMR",0.116114768614769,0.0567139959432049,0.173560371517028,0.0622222222222222,55.880126984127,39.357996031746,-0.274282696157696,0.0955424450315591,-0.717007047395902,0.731400966183575,-0.701574755759001,-0.502759588796206,"H3","PAMU","AZNC","WMR","FORB"
"PAMU_AZNC_WMR.188","84","PAMU_AZNC_WMR",0.134739943573502,0.0625909518784002,0.243579140808297,0.059501297340504,23.8527717240719,14.6833997533421,0.160403152681855,0.103624437627014,0.403426016430251,-0.0437291498847569,-0.573143924120871,-0.626927149911328,"H4","PAMU","AZNC","WMR","FORB"
"PAMU_UTC_WR.37","10","PAMU_UTC_WR",0.125,0.0219466490299824,0.104752770673487,0.02,NA,111.881555555556,NA,NA,NA,NA,NA,NA,"H1","PAMU","UTC","WR","FORB"
"PAMU_UTC_WR.88","24","PAMU_UTC_WR",0.125587560178268,0.0805327945001858,0.414682721441474,0.0608365384615385,75.6763463513847,48.390928998269,0.0047004814261451,2.66948021951625,2.958680221777,2.04182692307692,NA,-0.567480727650054,"H2","PAMU","UTC","WR","FORB"
"PAMU_UTC_WR.139","42","PAMU_UTC_WR",0.0832500832500832,0.148868360277136,0.57034632034632,0.127173913043478,42.5405882352941,29.83098,-0.337115211634719,0.848543331956434,0.375379997420064,1.09041993939019,-0.437861494557794,-0.383541903048253,"H3","PAMU","UTC","WR","FORB"
"PAMU_UTC_WR.189","84","PAMU_UTC_WR",0.123917084681732,0.0610079556020777,0.505849288937243,0.0756985669284352,19.5488136715904,21.9204945659624,0.48849202119697,-0.590188570032584,-0.113083979168856,-0.404763405349057,-0.540466775789161,-0.265176854197805,"H4","PAMU","UTC","WR","FORB"
"PAMU_UTEC_MC.38","10","PAMU_UTEC_MC",NA,0.302076259196378,0.286373626373626,0.164166666666667,NA,9.3536125,NA,NA,NA,NA,NA,NA,"H1","PAMU","UTEC","MC","FORB"
"PAMU_UTEC_MC.89","24","PAMU_UTEC_MC",0.383051587301587,0.0872060583764593,0.227315629388912,0.0524465811965812,7.66206420795872,44.2758617963188,NA,-0.711311115251308,-0.206227080798505,-0.680528439411688,NA,3.73355741392096,"H2","PAMU","UTEC","MC","FORB"
"PAMU_UTEC_MC.140","42","PAMU_UTEC_MC",0.0942718092453392,0.0628896632738846,0.363541666666667,0.0716666666666667,50.7340592006033,42.8361810897436,-0.75389265474805,-0.278838369205995,0.599281438077835,0.366469749439804,5.62146098278646,-0.0325161532303571,"H3","PAMU","UTEC","MC","FORB"
"PAMU_UTEC_MC.190","84","PAMU_UTEC_MC",0.140332391502281,0.0627671435398761,0.277266474090855,0.0771343791679215,27.6006470952613,14.1446275036022,0.488593383596481,-0.00194816966144259,-0.237318581297361,0.0762936628082071,-0.455974003851577,-0.669797186776089,"H4","PAMU","UTEC","MC","FORB"
"PAMU_UTSE_MO.39","10","PAMU_UTSE_MO",NA,0.300600343053173,0.439338235294118,0.125,NA,5.60497380952381,NA,NA,NA,NA,NA,NA,"H1","PAMU","UTSE","MO","FORB"
"PAMU_UTSE_MO.90","24","PAMU_UTSE_MO",0.228066603535354,0.0906557899538394,0.483730243466996,0.0796833333333333,33.2131380008376,36.3847196264985,NA,-0.698417543263404,0.101042897263789,-0.362533333333333,NA,5.49150573454503,"H2","PAMU","UTSE","MO","FORB"
"PAMU_UTSE_MO.141","42","PAMU_UTSE_MO",0.121207691233298,0.0557918783725235,0.058390022675737,0.0458333333333333,41.4041015625,45.46568,-0.468542568905715,-0.384574571564244,-0.879292180994838,-0.424806525831416,0.246618177465068,0.249581705362048,"H3","PAMU","UTSE","MO","FORB"
"PAMU_UTSE_MO.191","84","PAMU_UTSE_MO",0.137547335043935,0.0636833046471601,0.240997641157597,0.0711684677125052,22.947415282392,16.1371357010857,0.134806988272609,0.141443996954993,3.12737707768932,0.55276656827284,-0.445769515183112,-0.645069958239144,"H4","PAMU","UTSE","MO","FORB"
"PAMU_UTSW_CP.40","10","PAMU_UTSW_CP",NA,0.0809615384615385,0.259507931844888,0.0745,NA,37.5799795918367,NA,NA,NA,NA,NA,NA,"H1","PAMU","UTSW","CP","FORB"
"PAMU_UTSW_CP.91","24","PAMU_UTSW_CP",0.0801339285714286,0.0764265734265734,0.291640322988547,0.0708,90.8825757575758,37.6123731231231,NA,-0.0560138199093068,0.123820458647348,-0.0496644295302013,NA,0.000861989060085194,"H2","PAMU","UTSW","CP","FORB"
"PAMU_UTSW_CP.142","42","PAMU_UTSW_CP",0.0962453019056793,0.0516725595849637,0.369121595703874,0.0498931623931624,59.3182323232323,45.3946019047619,0.201055578098727,-0.323892760485881,0.265674073877533,-0.295294316480757,-0.347309076258353,0.206906082638388,"H3","PAMU","UTSW","CP","FORB"
"PAMU_UTSW_CP.192","84","PAMU_UTSW_CP",0.133722960858671,0.0715487761219836,0.227824291668224,0.0862418721683596,22.6282565195047,14.2391337349151,0.389397281850908,0.384657092597437,-0.382793382127132,0.728530885430077,-0.618527801094939,-0.686325396909773,"H4","PAMU","UTSW","CP","FORB"
"PLPA_AZC_TC.41","10","PLPA_AZC_TC",0.075213152719557,0.0635319719285564,0.422161172161172,0.0348939393939394,78.9996212121212,35.2639791666667,NA,NA,NA,NA,NA,NA,"H1","PLPA","AZC","TC","FORB"
"PLPA_AZC_TC.92","24","PLPA_AZC_TC",0.145954696915337,0.0687684353550952,0.177722669027017,0.0249519230769231,52.0472941529606,92.5987051282051,0.940547519122753,0.082422491661795,-0.57901701827006,-0.284921006045626,-0.341170332789206,1.62587227296613,"H2","PLPA","AZC","TC","FORB"
"PLPA_AZC_TC.143","42","PLPA_AZC_TC",0.110145411784595,0.0965581301654206,0.198269674754698,0.0477170694148306,26.8994111120279,25.5003723482535,-0.24534520565319,0.4041053815872,0.115612745634366,0.912360392733096,-0.483173687512479,-0.724614158341117,"H3","PLPA","AZC","TC","FORB"
"PLPA_AZC_TC.193","84","PLPA_AZC_TC",0.120013761326192,0.09615168096557,0.204390363200951,0.0699826814894022,104.591313018242,32.6676072013504,0.0895938322051585,-0.00420937314293749,0.0308705224529432,0.466617341501097,2.88823802062621,0.281063929389557,"H4","PLPA","AZC","TC","FORB"
"PLPA_AZNE_HB.42","10","PLPA_AZNE_HB",0.0711650377720368,0.33197156196944,0.581693306693307,0.132291666666667,99.1022916666667,11.809248015873,NA,NA,NA,NA,NA,NA,"H1","PLPA","AZNE","HB","FORB"
"PLPA_AZNE_HB.93","24","PLPA_AZNE_HB",0.0869447169129503,0.0892020512411206,0.0930562968234201,0.0452232142857143,62.6619083140503,40.333253968254,0.221733587656632,-0.731296106473927,-0.84002515457431,-0.658155230596176,-0.36770474970634,2.41539562163834,"H2","PLPA","AZNE","HB","FORB"
"PLPA_AZNE_HB.144","42","PLPA_AZNE_HB",0.108541592599564,0.0684135623903339,0.101382028806183,0.0375622681505034,35.3358977295082,41.0211182062561,0.248397791762739,-0.23304944854456,0.0894698399460443,-0.169402955013547,-0.436086472942845,0.0170545187983977,"H3","PLPA","AZNE","HB","FORB"
"PLPA_AZNE_HB.194","84","PLPA_AZNE_HB",0.150170648464164,0.0885756676557864,0.158776595744681,0.103826086956522,117.990909090909,37.9137370184255,0.383530910755842,0.294709185737435,0.566121704352768,1.76410589851801,2.33912300726345,-0.0757507674999638,"H4","PLPA","AZNE","HB","FORB"
"PLPA_COSW_UP.43","10","PLPA_COSW_UP",0.0777307044766669,0.127365725359911,0.356504922644163,0.0502380952380952,71.1582386363636,40.26565625,NA,NA,NA,NA,NA,NA,"H1","PLPA","COSW","UP","FORB"
"PLPA_COSW_UP.94","24","PLPA_COSW_UP",0.0788792455730263,0.0867828982798973,0.0777948463932523,0.0430121259029928,46.8619964788732,39.9948988095238,0.0147758997437644,-0.318632245569479,-0.781784650219539,-0.143834460698722,-0.341439622777206,-0.00672427735425724,"H2","PLPA","COSW","UP","FORB"
"PLPA_COSW_UP.145","42","PLPA_COSW_UP",0.115383492497687,0.0835056869063978,0.119140474315481,0.0444280023409445,30.8346279296779,32.4306214035243,0.462786461248096,-0.037763331698483,0.531470011692383,0.0329180761989074,-0.342012072755393,-0.1891310549884,"H3","PLPA","COSW","UP","FORB"
"PLPA_COSW_UP.195","84","PLPA_COSW_UP",0.168663449130519,0.120461153282433,0.143411966449278,0.101389840319043,107.316724349562,34.9607465729986,0.461764117894946,0.442550295017143,0.203721634257782,1.2821156697744,2.48039628025707,0.0780165491740904,"H4","PLPA","COSW","UP","FORB"
"PLPA_UTNE_BWR.44","10","PLPA_UTNE_BWR",0.07472634086171,0.105107902584043,0.304662032598274,0.0655714285714286,80.4299603174603,49.7804956521739,NA,NA,NA,NA,NA,NA,"H1","PLPA","UTNE","BWR","FORB"
"PLPA_UTNE_BWR.95","24","PLPA_UTNE_BWR",0.0753650514490533,0.0851239121009274,0.102804769364255,0.038508152173913,73.3270508269621,38.5072375655771,0.00854732855881776,-0.190128334709526,-0.662561269983343,-0.412729705408734,-0.0883117368510784,-0.226459337917511,"H2","PLPA","UTNE","BWR","FORB"
"PLPA_UTNE_BWR.146","42","PLPA_UTNE_BWR",0.127703853187867,0.150091130366846,0.180760888725389,0.0354421516985184,48.5808341903195,43.7437893844549,0.694470457227703,0.763207618899025,0.758292828661694,-0.0796195169674137,-0.33747732054626,0.135988768603825,"H3","PLPA","UTNE","BWR","FORB"
"PLPA_UTNE_BWR.196","84","PLPA_UTNE_BWR",0.141865432915861,0.0938586416097784,0.167185333599634,0.0790699604238478,173.022878712045,42.9163497219776,0.110893910986074,-0.37465564167334,-0.0751022813700496,1.2309582413743,2.56154606226426,-0.0189155917701844,"H4","PLPA","UTNE","BWR","FORB"
"PLPA_UTSC_BTR.45","10","PLPA_UTSC_BTR",0.067878605660843,0.0842348635057471,0.34410328800772,0.0371526709401709,94.2454159108491,48.2088294455647,NA,NA,NA,NA,NA,NA,"H1","PLPA","UTSC","BTR","FORB"
"PLPA_UTSC_BTR.96","24","PLPA_UTSC_BTR",0.0808896470830744,0.103760383244207,0.118847399224875,0.034130303030303,77.6798136982396,50.0241303227579,0.191681035512741,0.231798556153979,-0.654617077584539,-0.0813499496371337,-0.175770906759854,0.0376549461596644,"H2","PLPA","UTSC","BTR","FORB"
"PLPA_UTSC_BTR.147","42","PLPA_UTSC_BTR",0.112354005036932,0.121384935145566,0.169676358580242,0.0293321692709537,61.4157104526885,50.0900759718956,0.388978801224628,0.169858199731962,0.427682554998036,-0.140582805698774,-0.2093736129277,0.00131827677387302,"H3","PLPA","UTSC","BTR","FORB"
"PLPA_UTSC_BTR.197","84","PLPA_UTSC_BTR",0.17285818925605,0.0836884267939322,0.148637739656912,0.0659650694133453,136.871022201665,51.8494154786151,0.538513817991888,-0.310553433228168,-0.123992635741178,1.24889842970692,1.22859950968252,0.0351235144403981,"H4","PLPA","UTSC","BTR","FORB"
"PLPA_UTSW_HR.46","10","PLPA_UTSW_HR",0.0684900250219788,0.138680555555556,0.398373186069763,0.0539285714285714,114.853777894922,48.038710755814,NA,NA,NA,NA,NA,NA,"H1","PLPA","UTSW","HR","FORB"
"PLPA_UTSW_HR.97","24","PLPA_UTSW_HR",0.11818965012493,0.219884910485934,0.264448660592998,0.0755923763736264,75.5816071428571,36.2749147655962,0.725647641200343,0.585549680018749,-0.336178563617765,0.401712939378502,-0.341931902213911,-0.244881592472672,"H2","PLPA","UTSW","HR","FORB"
"PLPA_UTSW_HR.148","42","PLPA_UTSW_HR",0.118609853079342,0.0663826232247285,0.109126984126984,0.0314980158730159,70.5791000502765,79.4269444444444,0.0035553278478066,-0.698102870824439,-0.587341513160707,-0.583317559467474,-0.0661868314486268,1.18958321357035,"H3","PLPA","UTSW","HR","FORB"
"PLPA_UTSW_HR.198","84","PLPA_UTSW_HR",0.137315423976608,0.0910957684874377,0.105931313248386,0.0500044369509273,296.494601889339,49.5526540247678,0.15770672007117,0.372283348596312,-0.0292839658693318,0.587542439260937,3.20088385482576,-0.376122871509584,"H4","PLPA","UTSW","HR","FORB"
"VUOC_AZSW_WB.47","10","VUOC_AZSW_WB",0.126247835497835,0.0900168859649123,0.570317413211318,0.0382041666666667,123.428244631186,78.0879628250703,NA,NA,NA,NA,NA,NA,"H1","VUOC","AZSW","WB","GRASS"
"VUOC_AZSW_WB.98","24","VUOC_AZSW_WB",0.137302565490713,0.0817036543172166,0.237150142314991,0.0328260281385281,100.474152930403,53.7030114087302,0.0875637190078174,-0.0923519132947581,-0.584178675205345,-0.140773611817346,-0.185971142742665,-0.312275420361092,"H2","VUOC","AZSW","WB","GRASS"
"VUOC_AZSW_WB.149","42","VUOC_AZSW_WB",0.13854409880152,0.119422483353874,0.255826688400254,0.0388988209010626,50.9292345936569,52.5735540087856,0.00904231691789603,0.461654124920932,0.0787541002630149,0.184999316301895,-0.493111082718609,-0.0210315468409837,"H3","VUOC","AZSW","WB","GRASS"
"VUOC_AZSW_WB.199","84","VUOC_AZSW_WB",0.191647817322932,0.13160814517522,0.204683917058133,0.0249978833687867,65.9332789337685,43.8250490099033,0.383298307042931,0.102038255101744,-0.199911790524783,-0.35736141122715,0.294605730084551,-0.166405052194498,"H4","VUOC","AZSW","WB","GRASS"
"VUOC_UTC_GRC.48","10","VUOC_UTC_GRC",0.168619444444444,0.161625,0.459971120674153,0.0582208333333333,120.047298178621,78.0554808689701,NA,NA,NA,NA,NA,NA,"H1","VUOC","UTC","GRC","GRASS"
"VUOC_UTC_GRC.99","24","VUOC_UTC_GRC",0.116390242360071,0.139443629249205,0.417290079224908,0.0368475437605872,154.028248400366,93.871502016129,-0.309746021619598,-0.137239726223015,-0.092790698221858,-0.367107242357337,0.28306301547232,0.202625375836309,"H2","VUOC","UTC","GRC","GRASS"
"VUOC_UTC_GRC.150","42","VUOC_UTC_GRC",0.16001254147668,0.127514367816092,0.391748366013072,0.0386346839959225,93.5230958195244,84.5013516176806,0.374793438282025,-0.0855489884861931,-0.0612085321061988,0.0485009325708936,-0.392818546008328,-0.0998189034712419,"H3","VUOC","UTC","GRC","GRASS"
"VUOC_UTC_GRC.200","84","VUOC_UTC_GRC",0.231035206364044,0.162137375715198,0.312473390648342,0.0404443622250398,33.2063693693694,112.184955561874,0.443856864167828,0.271522405608762,-0.202361980910176,0.0468407669468258,-0.644939369485275,0.32761137442447,"H4","VUOC","UTC","GRC","GRASS"
"VUOC_UTSE_IM.49","10","VUOC_UTSE_IM",0.169972609498345,0.328386111111111,0.50699576061751,0.0517245833333333,82.0687842199547,58.1561889022123,NA,NA,NA,NA,NA,NA,"H1","VUOC","UTSE","IM","GRASS"
"VUOC_UTSE_IM.100","24","VUOC_UTSE_IM",0.108675275810294,0.075901203478072,0.336332864604259,0.0364958575906852,109.686382335448,79.9257770550528,-0.360630656133146,-0.768865975417607,-0.33661602180931,-0.29441949574554,0.336517695223493,0.374329689819347,"H2","VUOC","UTSE","IM","GRASS"
"VUOC_UTSE_IM.151","42","VUOC_UTSE_IM",0.129566800264133,0.116981805721546,0.293003121205019,0.0462701440116301,92.4657388716356,54.6002782225237,0.192238062411801,0.541237824448226,-0.128829941879818,0.267819064030972,-0.156998919074088,-0.316862716456105,"H3","VUOC","UTSE","IM","GRASS"
"VUOC_UTSE_IM.201","84","VUOC_UTSE_IM",0.186086086086086,0.19365373956941,0.22775433451445,0.0276247195086864,92.8457952069717,43.3880180351774,0.436217346625325,0.655417595710293,-0.22268973252648,-0.402968802047756,0.00411023953276005,-0.20535170428346,"H4","VUOC","UTSE","IM","GRASS"
"VUOC_UTSE_LM.50","10","VUOC_UTSE_LM",0.136848214285714,0.258961111111111,0.586113233861633,0.0423075,149.564389481576,66.732705615378,NA,NA,NA,NA,NA,NA,"H1","VUOC","UTSE","LM","GRASS"
"VUOC_UTSE_LM.101","24","VUOC_UTSE_LM",0.127168665667166,0.110215978949329,0.365848347057828,0.0478553685897436,96.6983601429255,45.2662016502566,-0.0707320053028878,-0.574391774593369,-0.375806028730284,0.131132035448646,-0.353466687637987,-0.321678909421808,"H2","VUOC","UTSE","LM","GRASS"
"VUOC_UTSE_LM.152","42","VUOC_UTSE_LM",0.152449969760477,0.179092937107748,0.222964493560865,0.0356977872996441,67.5813962165577,67.4180337785076,0.198801363218503,0.624927154982527,-0.390554869650343,-0.254048430685479,-0.301111248250035,0.489368034442214,"H3","VUOC","UTSE","LM","GRASS"
"VUOC_UTSE_LM.202","84","VUOC_UTSE_LM",0.149333094486367,0.121979799357947,0.11987725937955,0.0251088421843097,92.0489711934156,56.9109338924423,-0.0204452337970756,-0.318902234069897,-0.462348208609161,-0.296627491963344,0.362046011870694,-0.15584998993867,"H4","VUOC","UTSE","LM","GRASS"
"VUOC_UTSW_HR.51","10","VUOC_UTSW_HR",0.25,0.1375,0.574419920769666,0.0476071428571428,135.333333333333,76.863221841052,NA,NA,NA,NA,NA,NA,"H1","VUOC","UTSW","HR","GRASS"
"VUOC_UTSW_HR.102","24","VUOC_UTSW_HR",0.130892338868567,0.234016532962316,0.290246212121212,0.0462797619047619,99.8770820707071,61.0046833333333,-0.476430644525733,0.701938421544117,-0.494714229735781,-0.0278819704926229,-0.261992004403642,-0.206321542707552,"H2","VUOC","UTSW","HR","GRASS"
"VUOC_UTSW_HR.153","42","VUOC_UTSW_HR",0.151311092076552,0.0966318785578748,0.167331206804891,0.0336703431372549,54.7095886283961,50.0446619047619,0.155996549412176,-0.58707242888076,-0.423485303797831,-0.272460752789862,-0.452230807166904,-0.179658688967947,"H3","VUOC","UTSW","HR","GRASS"
"VUOC_UTSW_HR.203","84","VUOC_UTSW_HR",0.189466986549091,0.163679595007849,0.248216319460819,0.029468911843649,42.9881114718615,53.344319563787,0.252168522141353,0.693846766207886,0.483383310264654,-0.124781362532573,-0.214249045741331,0.0659342581893055,"H4","VUOC","UTSW","HR","GRASS"
